Membre de SDC,Catégorie,Château / Entreprise,Apparaît dans la bible ? ,type de vins princiapl,Statut de la demande,Pôle concerné,mail,Téléphone,Prénom,Nom,Région,Mail,Poste,Nombre de bouteilles,Logistique,Suivi des étapes,Contexte de la demande/commentaires,Région/Appellation,Aspect RSE,Possible de démarcher à nouveau ?,"Si oui, quel type ?"
,catégorie,Domaine Eric Sage,Non,,Non contacté,Pôle concerné,,,,,,,,,,,,,,,
Marin/ Quentin/Marine,Démarchage en nature,Domaine L'Orée du Sabia,Non,,relance faite,Défi de Bacchus,contact@loreedusabia.com,,,,,,,,,,,,,,
Marin/ Quentin/Marine,Démarchage en nature,Vignobles Mercier,Non,,relance faite,Défi de Bacchus,contact@mercier-vins.com,,,,,,,,,,,,,,
Marin/ Quentin/Marine,Démarchage en nature,Domaine Coirier,Non,,relance faite,Défi de Bacchus,contact@domainecoirier.fr,,,,,,,,,,,,,,
Marin/ Quentin/Marine,Démarchage en nature,Domaine de la Barbinière,Non,,relance faite,Défi de Bacchus,contact@domainedelabarbiniere.com,, ,,,,,,,,,,,,
Marin/ Quentin/Marine,Démarchage en nature,Domaine Georges Vernay,Non,,relance faite,Défi de Bacchus,contact@georges-vernay.fr,,,,,,,,,,,,,,
Marin/ Quentin/Marine,Démarchage en nature,Domaine Jean-Michel Gerin,Non,,relance faite,Défi de Bacchus,info@domaine-gerin.fr,,,,,,,,,,,,,,
Marin/ Quentin/Marine,Démarchage en nature,Domaine Guigal,Non,,Validé,Défi de Bacchus,contact@guigal.com,474561022,,,,,,,,,,,,,
Marin/ Quentin/Marine,Démarchage en nature,Domaine Pierre Gaillard,Non,,relance faite,Défi de Bacchus,famille@gaillard.vin,,,,,,,,,,,,,,
Marin/ Quentin/Marine,Démarchage en nature,Domaine Bernard Gripa,Non,,relance faite,Défi de Bacchus,contact@domainegraillot.com,,,,,,,,,,,,,,
,Démarchage en nature,Domaine Alain Graillot,Non,,"Contacté, sans réponse",Défi de Bacchus,,,,,,,,,,,,,,,
Marin/ Quentin/Marine,Démarchage en nature,Domaine Alain Voge,Non,,Validé,Défi de Bacchus,contact@alain-voge.com,,,,,,,,,,,,,,
,Démarchage en nature,Domaine Auguste Clape,Non,,"Contacté, sans réponse",Défi de Bacchus,pierre.clape@wanadoo.fr,,,,,,,,,,,,,,
Marin/ Quentin/Marine,Démarchage en nature,Domaine Courbis,Non,,relance faite,Défi de Bacchus,contact@domaine-courbis.fr,,,,,,,,,,,,,,
Marin/ Quentin/Marine,Démarchage en nature,Domaine François Villard,Non,,relance faite,Défi de Bacchus,contact@domainevillard.com,,,,,,,,,,,,,,
Marin/ Quentin/Marine,Démarchage en nature,Domaine Delas Frères,Non,,"Contacté, en discussions",Pôle concerné,contact@delas.com,,,,,,,,,,,,,,
Marin/ Quentin/Marine,Démarchage en nature,Domaine Chapoutier,Non,,relance faite,Pôle concerné,vpc@chapoutier.com,,,,,,,,,,,,,,
Marin/ Quentin/Marine,Démarchage en nature,Domaine Paul Jaboulet Aîné,Non,rouge,"Contacté, refus",Pôle concerné,info@jaboulet.com,,tester l'an prochain ,,,,,,,,,,,,
Marin/ Quentin/Marine,Démarchage en nature,Domaine Jean-Louis Chave,Non,rouge,relance faite,Pôle concerné,domaine@domainejlchave.fr,,,,,,,,,,,,,,
Marin/ Quentin/Marine,Démarchage en nature,Domaine Ferraton Père & Fils,Non,rouge,relance faite,Pôle concerné,contact@ferraton.fr,,,,,,,,,,,,,,
,Démarchage en nature,Domaine Gonon,Non,,Non contacté,Pôle concerné,,,,,,,,,,,,,,,
Marin/ Quentin/Marine,Démarchage en nature,Domaine du Tunnel,Non,,"Contacté, sans réponse",Pôle concerné,domaine-du-tunnel@wanadoo.fr,,,,,,,,,,,,,,
Marin/ Quentin/Marine,Démarchage en nature,Domaine Colombo,Non,rouge,relance faite,Pôle concerné,colombo@vinscolombo.fr,,,,,,,,,,,,,,
Marin/ Quentin/Marine,Démarchage en nature,Domaine du Coulet,Non,rouge,relance faite,Pôle concerné,matthieu.barret@domaineducoulet.com,,,,,,,,,,,,,,
Marin/ Quentin/Marine,Démarchage en nature,Domaine Coursodon,Non,rouge,relance faite,Pôle concerné,domaine@coursodon.fr,,,,,,,,,,,,,,
Marin/ Quentin/Marine,Démarchage en nature,Domaine Belle,Non,rouge,relance faite,Pôle concerné,contact@domainebelle.com,,,,,,,,,,,,,,
,Démarchage en nature,Domaine Monier-Perréol,Non,,Non contacté,Pôle concerné,,,,,,,,,,,,,,,
Marin/ Quentin/Marine,Démarchage en nature,Domaine Emmanuel Darnaud,Non,,"Contacté, sans réponse",Pôle concerné,domaine@edarnaud.com,,,,,,,,,,,,,,
Marin/ Quentin/Marine,Démarchage en nature,Domaine François Merlin,Non,,"Contacté, sans réponse",Pôle concerné,domainef.merlin@orange.fr,,,,,,,,,,,,,,
Marin/ Quentin/Marine,Démarchage en nature,Domaine Vincent Paris,Non,,mauvais mail,Pôle concerné,vinsparis@wanadoo.fr,,,,,,,,,,,,,,
Marin/ Quentin/Marine,Démarchage en nature,Domaine Faury,Non,rouge,relance faite,Pôle concerné,contact@domaine-faury.fr,,,,,,,,,,,,,,
,Démarchage en nature,Domaine Bernard Faurie,Non,rouge,Non contacté,Pôle concerné,,,,,,,,,,,,,,,
Marin/ Quentin/Marine,Démarchage en nature,Domaine François-Xavier Nicolas,Non,rouge,"Contacté, sans réponse",Pôle concerné,contact@fxnicolas.com,,,,,,,,,,,,,,
,Démarchage en nature,Domaine Richard,Non,rouge,Non contacté,Pôle concerné,,,,,,,,,,,,,,,
,Démarchage en nature,Domaine Laurent Combier,Non,rouge,Non contacté,Pôle concerné,,,,,,,,,,,,,,,
,Démarchage en nature,Domaine François Dumas,Non,rouge,Non contacté,Pôle concerné,,,,,,,,,,,,,,,
,Démarchage en nature,Domaine Pierre Gonon,Non,rouge,Non contacté,Pôle concerné,,,,,,,,,,,,,,,
Marin/ Quentin/Marine,Démarchage en nature,Domaine Gilles Robin,Non,rouge,relance faite,Pôle concerné,domaine@gillesrobin.com,,,,,,,,,,,,,,
Marin/ Quentin/Marine,Démarchage en nature,Domaine Duclaux,Non,rouge,relance faite,Pôle concerné,contact@coterotie-duclaux.com,,,,,,,,,,,,,,
Marin/ Quentin/Marine,Démarchage en nature,Domaine Leccia,Non,rouge,relance faite,Pôle concerné,contact@domaine-leccia.com,,,,,,,,,,,,,,
Marin/ Quentin/Marine,Démarchage en nature,Domaine Antoine Arena,Non,,"Contacté, sans réponse",Pôle concerné,"""jeanbaptiste.arena@orange.fr"" ",,,,,,,,,,,,,,
Marin/ Quentin/Marine,Démarchage en nature,Clos Santini,Non,rouge,relance faite,Pôle concerné,domaine.francksantini@gmail.com,,,,,,,,,,,,,,
Marin/ Quentin/Marine,Démarchage en nature,Clos Teddi,Non,rouge,relance faite,Pôle concerné,clos.teddi@orange.fr,,,,,,,,,,,,,,
Marin/ Quentin/Marine,Démarchage en nature,Domaine Gentile,Non,rouge,relance faite,Pôle concerné,domaine.gentile@wanadoo.fr,,,,,,,,,,,,,,
Marin/ Quentin/Marine,Démarchage en nature,Domaine Orenga de Gaffory,Non,,relance faite,Pôle concerné,contact@orengadegaffory.com,,,,,,,,,,,,,,
Marin/ Quentin/Marine,Démarchage en nature,Domaine Giudicelli,Non,,mauvais mail,Pôle concerné,muriel.giudicelli@wanadoo.fr,,domaine.giudicelli@gmail.com,,,,,,,,,,,,
,Démarchage en nature,Domaine Devichi,,,Non contacté,,,,,,,,,,,,,,,,
Marin/ Quentin/Marine,Démarchage en nature,Domaine Poli,,,relance faite,,clos.alivu@orange.fr,,,,,,,,,,,,,,
Marin/ Quentin/Marine,Démarchage en nature,Domaine Yves Leccia,,,mauvais mail,,info@yves-leccia.com,,,,,,,,,,,,,,
,Démarchage en nature,Domaine Lazzarini,,,Non contacté,,,,,,,,,,,,,,,,
,Démarchage en nature,Clos de Bernardi,,,Non contacté,,,,,,,,,,,,,,,,
,Démarchage en nature,Domaine Montemagni,,,Non contacté,,,,,,,,,,,,,,,,
Marin/ Quentin/Marine,Démarchage en nature,Clos Alivu,,,"Contacté, sans réponse",,clos.alivu@orange.fr,,,,,,,,,,,,,,
,Démarchage en nature,Clos Venturi,,,Non contacté,,,,,,,,,,,,,,,,
Marin/ Quentin/Marine,Démarchage en nature,Clos Marfisi,,,relance faite,,julie.marfisi@gmail.com,,,,,,,,,,,,,,
Marin/ Quentin/Marine,Démarchage en nature,Domaine Comte Abbatucci,,,relance faite,,contact@domaine-abbatucci.com,,,,,,,,,,,,,,
Marin/ Quentin/Marine,Démarchage en nature,Clos Capitoro,,,relance faite,,info@clos-capitoro.com,,,,,,,,,,,,,,
Marin/ Quentin/Marine,Démarchage en nature,Domaine Peraldi,,,relance faite,,info@domaineperaldi.com,,,,,,,,,,,,,,
Marin/ Quentin/Marine,Démarchage en nature,Clos d’Alzeto,,,relance faite,,contact@closdalzeto.com,,,,,,,,,,,,,,
Marin/ Quentin/Marine,Démarchage en nature,Domaine Vaccelli,,,relance faite,,vaccelli@aol.com,,,,,,,,,,,,,,
Marin/ Quentin/Marine,Démarchage en nature,Domaine Mosconi,,,mauvais mail,,infos@domainemosconi.com,,,,,,,,,,,,,,
Marin/ Quentin/Marine,Démarchage en nature,Clos Ornasca,,,relance faite,,closornasca@orange.fr,,,,,,,,,,,,,,
Marin/ Quentin/Marine,Démarchage en nature,Domaine A Peraccia,,,relance faite,,domaine.aperaccia@orange.fr,,,,,,,,,,,,,,
Marin/ Quentin/Marine,Démarchage en nature,Domaine Pietrella,,,relance faite,,info@domainedepietrella.com,,,,,,,,,,,,,,
Marin/ Quentin/Marine,Démarchage en nature,Domaine Sant Armettu,,,relance faite,,contact@santarmettu.com,,,,,,,,,,,,,,
Marin/ Quentin/Marine,Démarchage en nature,Domaine Granajolo,,,relance faite,,info@granajolo.fr,,,,,,,,,,,,,,
Marin/ Quentin/Marine,Démarchage en nature,Domaine Zuria,,,"Contacté, sans réponse",,accueil@domainezuria.com,,,,,,,,,,,,,,
Marin/ Quentin/Marine,Démarchage en nature,Clos Canarelli,,,relance faite,,closcanarelli2a@orange.fr,,,,,,,,,,,,,,
Marin/ Quentin/Marine,Démarchage en nature,Domaine de Tanella,,,relance faite,,contact@domaine-tanella.com,,,,,,,,,,,,,,
Marin/ Quentin/Marine,Démarchage en nature,Domaine de Torraccia,,,relance faite,,torracciaoriu@wanadoo.fr,,,,,,,,,,,,,,
,Démarchage en nature,Domaine de San Gavino,,,Non contacté,,,,,,,,,,,,,,,,
Marin/ Quentin/Marine,Démarchage en nature,Domaine Peretti della Rocca,,,mauvais mail,,contact@domaineperettidellarocca.com,,,,,,,,,,,,,,
Marin/ Quentin/Marine,Démarchage en nature,Domaine Vecchio,,,mauvais mail,,domaine.vecchio@wanadoo.fr,,,,,,,,,,,,,,
,Démarchage en nature,Clos Paoli,,,Non contacté,,,,,,,,,,,,,,,,
Marin/ Quentin/Marine,Démarchage en nature,Domaine Saparale,,,relance faite,,contact@saparale.com,,,,,,,,,,,,,,
Marin/ Quentin/Marine,Démarchage en nature,Domaine San Micheli,,,mauvais mail,,domaine.san.micheli@orange.fr,,,,,,,,,,,,,,
Marin/ Quentin/Marine,Démarchage en nature,Domaine Fiumicicoli,,,relance faite,,contact@fiumicicoli.corsica,,,,,,,,,,,,,,
,Démarchage en nature,Clos Fornelli,,,Non contacté,,,,,,,,,,,,,,,,
Marin/ Quentin/Marine,Démarchage en nature,Domaine Pero Longo,,,relance faite,,contact@perolongo.com,,,,,,,,,,,,,,
Marin/ Quentin/Marine,Démarchage en nature,Domaine Renucci,,,relance faite,,contact@domaine-renucci.com,,,,,,,,,,,,,,
Marin/ Quentin/Marine,Démarchage en nature,Clos Culombu,,,relance faite,,contact.culombu@gmail.com,,,,,,,,,,,,,,
Marin/ Quentin/Marine,Démarchage en nature,Domaine Alzipratu,,,Validé,,reservationalzipratu@gmail.com,,Estelle Ponthieux Giamarchi et bureau@alzipratu.com,"3 bouteilles –AOP Corse Calvi  Cuvée   « Pumonte » rouge 2022
3 bouteilles –AOP Corse Calvi  Cuvée  « Pumonte » blanc 2024",,,,,,,,,,,
Marin/ Quentin/Marine,Démarchage en nature,Clos Landry,,,relance faite,,vinscloslandry@gmail.com,,,,,,,,,,,,,,
,Démarchage en nature,Domaine Maestracci,,,Non contacté,,,,,,,,,,,,,,,,
,Démarchage en nature,Domaine Castellu di Baricci,,,Non contacté,,,,,,,,,,,,,,,,
Marin/ Quentin/Marine,Démarchage en nature,Clos Poggiale,,,relance faite,,boutique@terra-vecchia.fr,,,,,,,,,,,,,,
Marin/ Quentin/Marine,Démarchage en nature,Domaine Clos Venturi,,,Validé,,contact@domainevico.com,,boutique@domainevico.com et Claire Chomel ,6 clos venturi Blanc IP 2022 et  6 domaine vico les parcellaires U fornu rouge 2022,,,,,,,,,,,
Marin/ Quentin/Marine,Démarchage en nature,Clos Signadore,,,relance faite,t,contact@signadore.com,,,,,,,,,,,,,,
,Démarchage en nature,Domaine Uvalone,,,Non contacté,,,,,,,,,,,,,,,,
,Démarchage en nature,Domaine de Pratavone,,,Non contacté,,,,,,,,,,,,,,,,
,Démarchage en nature,Domaine Fior di Lecci,,,Non contacté,,,,,,,,,,,,,,,,
,Démarchage en nature,Domaine Vico,,,Non contacté,,,,,,,,,,,,,,,,
,Démarchage en nature,Domaine de Mavella,,,Non contacté,,,,,,,,,,,,,,,,
,Démarchage en nature,Domaine Terra di Catoni,,,Non contacté,,,,,,,,,,,,,,,,
,Démarchage en nature,Domaine U Stiliccionu,,,Non contacté,,,,,,,,,,,,,,,,
,Démarchage en nature,Domaine Pieretti,,,Non contacté,,,,,,,,,,,,,,,,
,Démarchage en nature,Clos Nicrosi,,,Non contacté,,,,,,,,,,,,,,,,
,Démarchage en nature,Domaine Casabianca,,,Non contacté,,,,,,,,,,,,,,,,
,Démarchage en nature,Domaine Casanova,,,Non contacté,,,,,,,,,,,,,,,,
Marin/ Quentin/Marine,Démarchage en nature,Clos San Quilico,,,relance faite,,contact@sanquilico.com,,,,,,,,,,,,,,
,Démarchage en nature,Domaine de Musoleu,,,Non contacté,,,,,,,,,,,,,,,,
Marin/ Quentin/Marine,Démarchage en nature,Domaine Boccheciampe,,,relance faite,,domaine.boccheciampe@gmail.com,,,,,,,,,,,,,,
Marin/ Quentin/Marine,Démarchage en nature,Domaine Revelette,,,relance faite,,chateaurevelette@orange.fr,,,,,,,,,,,,,,
,Démarchage en nature,Domaine Schoffit,,,Non contacté,,,,,,,,,,,,,,,,
,Démarchage en nature,Domaine Kamm & Fils,,,Non contacté,,,,,,,,,,,,,,,,
Marin/ Quentin/Marine,Démarchage en nature,Domaine Albert Seltz,,,relance faite,,info@albert-seltz.fr,,,,,,,,,,,,,,
Marin/ Quentin/Marine,Démarchage en nature,Domaine Emile Beyer,,,relance faite,,info@emile-beyer.fr,,,,,,,,,,,,,,
Marin/ Quentin/Marine,Démarchage en nature,Domaine Ginglinger-Fix,,,mauvais mail,,contact@ginglinger-fix.fr,,,,,,,,,,,,,,
Marin/ Quentin/Marine,Démarchage en nature,Domaine Stoeffler,,,relance faite,,info@vins-stoeffler.com,,,,,,,,,,,,,,
Marin/ Quentin/Marine,Démarchage en nature,Domaine Sylvie Spielmann,,,relance faite,,contact@sylviespielmann.com,,,,,,,,,,,,,,
Marin/ Quentin/Marine,Démarchage en nature,Domaine Fernand Engel,,,relance faite,,info@fernand-engel.fr,,,,,,,,,,,,,,
Marin/ Quentin/Marine,Démarchage en nature,Domaine Charles Frey,,,"Contacté, sans réponse",,contact@charles-frey.fr,,,,,,,,,,,,,,
Marin/ Quentin/Marine,Démarchage en nature,Domaine Binner,,,"Contacté, sans réponse",,a-la-tienne@alsace-binner.com,,,,,,,,,,,,,,
Marin/ Quentin/Marine,Démarchage en nature,Domaine Hubert Metz,,,"Contacté, sans réponse",,contact@hubertmetz.com,,,,,,,,,,,,,,
,Démarchage en nature,Domaine Léon Heitzmann,,,Non contacté,,,,,,,,,,,,,,,,
Marin/ Quentin/Marine,Démarchage en nature,Domaine Gérard Neumeyer,,,"Contacté, sans réponse",,contact@gerardneumeyer.fr,,,,,,,,,,,,,,
Marin/ Quentin/Marine,Démarchage en nature,Domaine Seppi Landmann,,,"Contacté, sans réponse",,contact@seppi-landmann.fr,,,,,,,,,,,,,,
Marin/ Quentin/Marine,Démarchage en nature,Domaine Laurent Bannwarth,,,"Contacté, sans réponse",,laurent@bannwarth.fr,,,,,,,,,,,,,,
Marin/ Quentin/Marine,Démarchage en nature,Domaine Antoine Lienhardt,,,"Contacté, sans réponse",,antoinelienhardt.domaine@gmail.com,,,,,,,,,,,,,,
Marin/ Quentin/Marine,Démarchage en nature,Domaine Yves Amberg,,,"Contacté, sans réponse",,amberg.yves@wanadoo.fr,,,,,,,,,,,,,,
Marin/ Quentin/Marine,Démarchage en nature,Domaine Schoenheitz,,,"Contacté, sans réponse",,caveau@vins-schoenheitz.fr,,,,,,,,,,,,,,
Marin/ Quentin/Marine,Démarchage en nature,Domaine Lucien Albrecht,,,"Contacté, sans réponse",,contact@lucien-albrecht.com,,,,,,,,,,,,,,
,Démarchage en nature,Domaine Fuchs et Fils,,,Non contacté,,,,,,,,,,,,,,,,
Marin/ Quentin/Marine,Démarchage en nature,Domaine Paul Ginglinger,,,"Contacté, sans réponse",,info@paul-ginglinger.fr,,,,,,,,,,,,,,
Marin/ Quentin/Marine,Démarchage en nature,Domaine Ernest Burn,,,"Contacté, sans réponse",,contact@domaine-burn.fr,,,,,,,,,,,,,,
,Démarchage en nature,Domaine Lucien Jacob,,,Non contacté,,,,,,,,,,,,,,,,
,Démarchage en nature,Domaine J.P. Scharsch,,,Non contacté,,,,,,,,,,,,,,,,
,Démarchage en nature,Domaine Müller-Koeberlé,,,Non contacté,,,,,,,,,,,,,,,,
Marin/ Quentin/Marine,Démarchage en nature,Domaine Bruno Clair,,,"Contacté, sans réponse",,domaine@brunoclair.com,,,,,,,,,,,,,,
,Démarchage en nature,Domaine Joseph Roty,,,Non contacté,,,,,,,,,,,,,,,,
,Démarchage en nature,Domaine Charles Audoin,,,Non contacté,,,,,,,,,,,,,,,,
,Démarchage en nature,Domaine Sylvain Pataille,,,Non contacté,,,,,,,,,,,,,,,,
,Démarchage en nature,Domaine Collette,,,Non contacté,,,,,,,,,,,,,,,,
Marin/ Quentin/Marine,Démarchage en nature,Domaine Huguenot,,,"Contacté, refus",,contact@domainehuguenot.com,,,,,,,,,,,,,,
Marin/ Quentin/Marine,Démarchage en nature,Domaine Jean Fournier,,,"Contacté, sans réponse",,contact@domaine-fournier.com,,,,,,,,,,,,,,
,Démarchage en nature,Domaine Coillot,,,Non contacté,,,,,,,,,,,,,,,,
Marin/ Quentin/Marine,Démarchage en nature,Domaine Régis Bouvier,,,"Contacté, sans réponse",,contact@rene-lamy.fr,,,,,,,,,,,,,,
Marin/ Quentin/Marine,Démarchage en nature,Domaine Joliet,,,"Contacté, sans réponse",,contact@domainejoliet.fr,,,,,,,,,,,,,,
,Démarchage en nature,Domaine Guy & Yvan Dufouleur,,,Non contacté,,,,,,,,,,,,,,,,
,Démarchage en nature,Domaine du Clos Saint-Louis,,,Non contacté,,,,,,,,,,,,,,,,
,Démarchage en nature,Domaine Philippe Naddef,,,Non contacté,,,,,,,,,,,,,,,,
,Démarchage en nature,Domaine Pierre Naigeon,,,Non contacté,,,,,,,,,,,,,,,,
Marin/ Quentin/Marine,Démarchage en nature,Domaine Dugat-Py,,,"Contacté, sans réponse",,contact@dugat-py.fr,,,,,,,,,,,,,,
,Démarchage en nature,Domaine Duroché,,,Non contacté,,,,,,,,,,,,,,,,
,Démarchage en nature,Domaine Claude Dugat,,,Non contacté,,,,,,,,,,,,,,,,
,Démarchage en nature,Domaine Jean-Marie Fourrier,,,Non contacté,,,,,,,,,,,,,,,,
,Démarchage en nature,Domaine Pierre Damoy,,,Non contacté,,,,,,,,,,,,,,,,
Marin/ Quentin/Marine,Démarchage en nature,Domaine Trapet Père et Fils,,,"Contacté, sans réponse",,message@trapet.fr,,,,,,,,,,,,,,
Marin/ Quentin/Marine,Démarchage en nature,Domaine Rossignol-Trapet,,,"Contacté, sans réponse",,info@rossignol-trapet.com,,,,,,,,,,,,,,
,Démarchage en nature,Domaine Harmand-Geoffroy,,,Non contacté,,,,,,,,,,,,,,,,
,Démarchage en nature,Domaine Marc Roy,,,Non contacté,,,,,,,,,,,,,,,,
,Démarchage en nature,Domaine Denis Bachelet,,,Non contacté,,,,,,,,,,,,,,,,
,Démarchage en nature,Domaine Humbert Frères,,,Non contacté,,,,,,,,,,,,,,,,
,Démarchage en nature,Domaine Sylvie Esmonin,,,Non contacté,,,,,,,,,,,,,,,,
,Démarchage en nature,Domaine Philippe Charlopin,,,Non contacté,,,,,,,,,,,,,,,,
Marin/ Quentin/Marine,Démarchage en nature,Domaine Henri Rebourseau,,,"Contacté, refus",,domaine@rebourseau.com,,,,,,,,,,,,,,
Marin/ Quentin/Marine,Démarchage en nature,Domaine René Leclerc,,,"Contacté, sans réponse",,contact@domainereneleclerc.com,,,,,,,,,,,,,,
,Démarchage en nature,Domaine Christian Serafin,,,Non contacté,,,,,,,,,,,,,,,,
,Démarchage en nature,Domaine Geantet-Pansiot,,,Non contacté,,,,,,,,,,,,,,,,
Marin/ Quentin/Marine,Démarchage en nature,Domaine Dujac,,,mauvais mail,,contact@dujac.com,,,,,,,,,,,,,,
Marin/ Quentin/Marine,Démarchage en nature,Domaine des Lambrays,,,"Contacté, sans réponse",,clos@lambrays.com // https://www.lambrays.com/contact/,,,,,,,,,,,,,,
Marin/ Quentin/Marine,Démarchage en nature,Domaine Hubert Lignier,,,"Contacté, sans réponse",,contact@hubert-lignier.com // https://hubert-lignier.com/fr/contact,,,,,,,,,,,,,,
,Démarchage en nature,Domaine Michel Magnien,,,Non contacté,,,,,,,,,,,,,,,,
,Démarchage en nature,Domaine Perrot-Minot,,,Non contacté,,,,,,,,,,,,,,,,
Marin/ Quentin/Marine,Démarchage en nature,Domaine Lignier-Michelot,,,Non contacté,,contact@domainevirgileligniermichelot.fr // https://domainevirgileligniermichelot.fr/,,https://www.lacaveduclosmaillard.fr/contact.rub-103/,,,,,,,,,,,,
,Démarchage en nature,Domaine Georges Lignier,,,Non contacté,,,,,,,,,,,,,,,,
Marin/ Quentin/Marine,Démarchage en nature,Domaine Taupenot-Merme,,,Non contacté,,,,https://www.domainemagnien.com/index.php/contact,,,,,,,,,,,,
,Démarchage en nature,Domaine Stéphane Magnien,,,"Contacté, sans réponse",,,,,,,,,,,,,,,,
Marin/ Quentin/Marine,Démarchage en nature,Domaine Pierre Amiot et Fils,,,Non contacté,,,,,,,,,,,,,,,,
Marin/ Quentin/Marine,Démarchage en nature,Domaine des Monts Luisants,,,"Contacté, sans réponse",,contact@domainedesmontsluisants.fr,,,,,,,,,,,,,,
Marin/ Quentin/Marine,Démarchage en nature,Domaine Charlopin-Parizot,,,mauvais mail,,contact@domaine-charlopin-parizot.com,,,,,,,,,,,,,,
Marin/ Quentin/Marine,Démarchage en nature,Domaine Dujardin,,,mauvais mail,,contact@domaine-dujardin.com,,,,,,,,,,,,,,
,Démarchage en nature,Domaine Clos des Lambrays,,,Non contacté,,,,,,,,,,,,,,,,
,Démarchage en nature,Domaine Comte Georges de Vogüé,,,Non contacté,,,,,,,,,,,,,,,,
,Démarchage en nature,Domaine Ghislaine Barthod,,,Non contacté,,,,,,,,,,,,,,,,
Marin/ Quentin/Marine,Démarchage en nature,Domaine Jacques-Frédéric Mugnier,,,"Contacté, refus",,info@mugnier.fr,,,,,,,,,,,,,,
,Démarchage en nature,Domaine Amiot-Servelle,,,"Contacté, refus",,domaine@amiot-servelle.com,,,,,,,,,,,,,,
Marin/ Quentin/Marine,Démarchage en nature,Domaine Anne et Hervé Sigaut,,,Non contacté,,,,,,,,,,,,,,,,
Marin/ Quentin/Marine,Démarchage en nature,Domaine Hudelot-Noëllat,,,"Contacté, sans réponse",,contact@domaine-hudelot-noellat.com,,,,,,,,,,,,,,
,Démarchage en nature,Domaine Georges Roumier,,,Non contacté,,,,,,,,,,,,,,,,
,Démarchage en nature,Domaine Christophe Roumier,,,Non contacté,,,,,,,,,,,,,,,,
Marin/ Quentin/Marine,Démarchage en nature,Domaine Bertheau,,,"Contacté, sans réponse",,ddb.reservation@gmail.com,,,,,,,,,,,,,,
Marin/ Quentin/Marine,Démarchage en nature,Domaine Christian Clerget,,,"Contacté, sans réponse",,domainechristianclerget@wanadoo.fr,,,,,,,,,,,,,,
Marin/ Quentin/Marine,Démarchage en nature,Domaine Digioia-Royer,,,"Contacté, sans réponse",,micheldigioia@wanadoo.fr,,,,,,,,,,,,,,
Marin/ Quentin/Marine,Démarchage en nature,Domaine Joseph Drouhin,,,"Contacté, sans réponse",,maisondrouhin@drouhin.com,,,,,,,,,,,,,,
,Démarchage en nature,Domaine Laurent Roumier,,,Non contacté,,,,,,,,,,,,,,,,
Marin/ Quentin/Marine,Démarchage en nature,Domaine Méo-Camuzet,,,Validé,,,,https://www.meo-camuzet.com/fr/contact/contacts,annelise@meo-camuzet.com,6 bouteilles de Fixin 2018,,,,,,,,,,
Marin/ Quentin/Marine,Démarchage en nature,Domaine Mugneret-Gibourg,,,"Contacté, sans réponse",,dgm@mugneret-gibourg.com,,,,,,,,,,,,,,
,Démarchage en nature,Domaine Robert Groffier,,,Non contacté,,,,,,,,,,,,,,,,
Marin/ Quentin/Marine,Démarchage en nature,Domaine d’Eugénie,,,Non contacté,,,,,,,,,,,,,,,,
Marin/ Quentin/Marine,Démarchage en nature,Domaine Château de la Tour,,,"Contacté, sans réponse",,contact@lechateaudelatour.fr,,,,,,,,,,,,,,
,Démarchage en nature,Domaine René Engel,,,Non contacté,,,,,,,,,,,,,,,,
Marin/ Quentin/Marine,Démarchage en nature,Domaine Anne Gros,,,"Contacté, sans réponse",,,,https://www.anne-gros.com/en/contact-2/,,,,,,,,,,,,
Marin/ Quentin/Marine,Démarchage en nature,Domaine Gros Frère et Sœur,,,"Contacté, sans réponse",,,,https://www.gros-frere-et-soeur.com/fr_FR/contact/,,,,,,,,,,,,
Marin/ Quentin/Marine,Démarchage en nature,Domaine Jean Grivot,,,Non contacté,,,,,,,,,,,,,,,,
,Démarchage en nature,Domaine Louis Jadot,,,"Contacté, sans réponse",,,03 80 26 31 98,https://www.louisjadot.com/contacter-nous,,,,,,,,,,,,
,Démarchage en nature,Domaine Mongeard-Mugneret,,,Non contacté,,,,,,,,,,,,,,,,
Marin/ Quentin/Marine,Démarchage en nature,Domaine Thibault Liger-Belair,,,"Contacté, sans réponse",,contact@thibaultligerbelair.com,,,,,,,,,,,,,,
Marin/ Quentin/Marine,Démarchage en nature,Domaine Vougeraie,,,"Contacté, sans réponse",,vougeraie@domainedelavougeraie.com,,,,,,,,,,,,,,
,Démarchage en nature,Domaine de la Romanée-Conti,,,Non contacté,,,,,,,,,,,,,,,,
,Démarchage en nature,Domaine Emmanuel Rouget,,,Non contacté,,,,,,,,,,,,,,,,
,Démarchage en nature,Domaine Georges Noëllat,,,Non contacté,,,,,,,,,,,,,,,,
,Démarchage en nature,Domaine Sylvain Cathiard,,,Non contacté,,,,,,,,,,,,,,,,
,Démarchage en nature,Domaine Michel Gros,,,Non contacté,,,,,,,,,,,,,,,,
,Démarchage en nature,Domaine François Lamarche,,,Non contacté,,,,,,,,,,,,,,,,
Marin/ Quentin/Marine,Démarchage en nature,Domaine A.F. Gros,,,"Contacté, refus",,contact@af-gros.com,,,,,,,,,,,,,,
,Démarchage en nature,Domaine Robert Arnoux,,,Non contacté,,,,,,,,,,,,,,,,
Marin/ Quentin/Marine,Démarchage en nature,Domaine Jean-Marc Millot,,,"Contacté, sans réponse",,,,https://jean-marc-millot.com/contact,,,,,,,,,,,,
Marin/ Quentin/Marine,Démarchage en nature,Domaine Henri Gouges,,,"Contacté, sans réponse",,domaine@gouges.com,,,,,,,,,,,,,,
,Démarchage en nature,Domaine de l’Arlot,,,Non contacté,,,,,,,,,,,,,,,,
Marin/ Quentin/Marine,Démarchage en nature,Domaine Chevillon-Chezeaux,,,"Contacté, sans réponse",,chevillon.chezeaux@orange.fr,,,,,,,,,,,,,,
Marin/ Quentin/Marine,Démarchage en nature,Domaine Robert Chevillon,,,"Contacté, sans réponse",,detb@domainerobertchevillon.fr,,,,,,,,,,,,,,
Marin/ Quentin/Marine,Démarchage en nature,Domaine de Montille,,,"Contacté, sans réponse",,contact@demontille.com,,,,,,,,,,,,,,
Marin/ Quentin/Marine,Démarchage en nature,Domaine Patrice Rion,,,"Contacté, sans réponse",,contact@patricerion.com,,,,,,,,,,,,,,
,Démarchage en nature,Domaine Jean-Jacques Confuron,,,Non contacté,,,,,,,,,,,,,,,,
Marin/ Quentin/Marine,Démarchage en nature,Domaine Chicotot,,,"Contacté, sans réponse",,chicotot@aol.com,,,,,,,,,,,,,,
,Démarchage en nature,Domaine Tollot-Beaut,,,Non contacté,,,,,,,,,,,,,,,,
,Démarchage en nature,Domaine Chantal Lescure,,,Non contacté,,,,https://www.domainelescure.fr/,,,,,,,,,,,,
Marin/ Quentin/Marine,Démarchage en nature,Domaine de l'Hortus,,,"Contacté, sans réponse",,contact@domaine-hortus.fr,,,,,,,,,,,,,,
,Démarchage en nature,Château de Lascaux,,,Non contacté,,,,,,,,,,,,,,,,
Marin/ Quentin/Marine,Démarchage en nature,Mas Bruguière,,,"Contacté, sans réponse",,xavier.bruguiere@wanadoo.fr,,,,,,,,,,,,,,
Marin/ Quentin/Marine,Démarchage en nature,Château La Roque,,,"Contacté, sans réponse",,"contact@chateau-laroque.fr, n.romanchenko@chateau-laroque.fr",,,,,,,,,,,,,,
Marin/ Quentin/Marine,Démarchage en nature,Domaine Clavel,,,"Contacté, sans réponse",,info@vins-clavel.fr,,,,,,,,,,,,,,
Marin/ Quentin/Marine,Démarchage en nature,Domaine de Mortiès,,,"Contacté, sans réponse",,contact@morties.com,,,,,,,,,,,,,,
Marin/ Quentin/Marine,Démarchage en nature,Domaine de Cazeneuve,,,"Contacté, sans réponse",,chateaudecazeneuve@orange.fr,,,,,,,,,,,,,,
,Démarchage en nature,Mas de la Séranne,,,Non contacté,,,,,,,,,,,,,,,,
,Démarchage en nature,Domaine Saint Daumary,,,Non contacté,,,,,,,,,,,,,,,,
Marin/ Quentin/Marine,Démarchage en nature,Clos Marie,,,"Contacté, sans réponse",,,,https://www.closmarie.com/contact,,,,,,,,,,,,
Marin/ Quentin/Marine,Démarchage en nature,Domaine de l'Aiguelière,,,"Contacté, sans réponse",,contact@aigueliere.com,,,,,,,,,,,,,,
Marin/ Quentin/Marine,Démarchage en nature,Château Puech-Haut,,,"Contacté, sans réponse",,contact@puech-haut.com,,,,,,,,,,,,,,
,Démarchage en nature,Domaine Haut-Lirou,,,Non contacté,,,,,,,,,,,,,,,,
Marin/ Quentin/Marine,Démarchage en nature,Mas Gourdou,,,"Contacté, sans réponse",,contact@masgourdou.com,,,,,,,,,,,,,,
Marin/ Quentin/Marine,Démarchage en nature,Château de Montferrand,,,"Contacté, sans réponse",,,,https://chateaudemontferrand.fr/contact.html,,,,,,,,,,,,
Marin/ Quentin/Marine,Démarchage en nature,Domaine Les Grandes Costes,,,"Contacté, sans réponse",,contact@grandes-costes.com,,,,,,,,,,,,,,
Marin/ Quentin/Marine,Démarchage en nature,Domaine Foulaquier,,,"Contacté, sans réponse",,,,https://boutique.masfoulaquier.fr/pages/contact,,,,,,,,,,,,
,Démarchage en nature,Domaine Saint André de Figuière,,,Non contacté,,,,,,,,,,,,,,,,
,Démarchage en nature,Mas d'Agalis,,,Non contacté,,,,,,,,,,,,,,,,
Marin/ Quentin/Marine,Démarchage en nature,Domaine des Conquêtes,,,"Contacté, sans réponse",,,,https://www.domainedesconquetes.fr/content/10-contact,,,,,,,,,,,,
Marin/ Quentin/Marine,Démarchage en nature,Mas des Chimères,,,"Contacté, sans réponse",,contact@masdeschimeres.com,,,,,,,,,,,,,,
Marin/ Quentin/Marine,Démarchage en nature,Domaine de Saumarez,,,"Contacté, sans réponse",,,,https://www.domainedesaumarez.com/contact/,,,,,,,,,,,,
Marin/ Quentin/Marine,Démarchage en nature,Domaine de l'Oustal Blanc,,,"Contacté, sans réponse",,contact@loustalblanc.com,,,,,,,,,,,,,,
,Démarchage en nature,Domaine de Fons Sanatis,,,Non contacté,,,,,,,,,,,,,,,,
,Démarchage en nature,Domaine du Mas de Rey,,,Non contacté,,,,,,,,,,,,,,,,
,Démarchage en nature,Domaine de Cassagnau,,,Non contacté,,,,,,,,,,,,,,,,
,Démarchage en nature,Domaine des Carabiniers,,,Non contacté,,,,,,,,,,,,,,,,
Marin/ Quentin/Marine,Démarchage en nature,Mas d'Agamas,,,"Contacté, sans réponse",,c.visseq@sfr.fr,,,,,,,,,,,,,,
Marin/ Quentin/Marine,Démarchage en nature,Mas de la Plaine Haute,,,"Contacté, sans réponse",,contact@plaine-haute.com,,,,,,,,,,,,,,
Marin/ Quentin/Marine,Démarchage en nature,Mas de la Devèze,,,"Contacté, sans réponse",,contact@masdeladeveze.fr,,,,,,,,,,,,,,
,Démarchage en nature,Domaine des Terres Dorées,,,Non contacté,,,,,,,,,,,,,,,,
Marin/ Quentin/Marine,Démarchage en nature,Domaine Ruet,,,"Contacté, sans réponse",,contact@ruet-beaujolais.fr,,,,,,,,,,,,,,
Marin/ Quentin/Marine,Démarchage en nature,Château de Nervers,,,"Contacté, sans réponse",,contact@chateaudenervers.fr,,,,,,,,,,,,,,
Marin/ Quentin/Marine,Démarchage en nature,Domaine Dubost,,,"Contacté, sans réponse",,contact@domainedubost.com,,,,,,,,,,,,,,
Marin/ Quentin/Marine,Démarchage en nature,Château de Pierreux,,,"Contacté, sans réponse",,contact@chateaudepierreux.com,,,,,,,,,,,,,,
Marin/ Quentin/Marine,Démarchage en nature,Domaine des Combiers,,,"Contacté, sans réponse",,savoyelaurent@gmail.com,,,,,,,,,,,,,,
,Démarchage en nature,Domaine Gérard Brisson,,,Non contacté,,,,,,,,,,,,,,,,
Marin/ Quentin/Marine,Démarchage en nature,Domaine de la Plaigne,,,"Contacté, sans réponse",,contact@domainedelaplaigne.com,,,,,,,,,,,,,,
Marin/ Quentin/Marine,Démarchage en nature,Domaine de Bel-Air,,,"Contacté, sans réponse",,jean-louis.loup@wanadoo.fr,,,,,,,,,,,,,,
Marin/ Quentin/Marine,Démarchage en nature,Domaine Baron de l'Ecluse,,,"Contacté, sans réponse",,baron.delecluse2@orange.fr,,,,,,,,,,,,,,
Marin/ Quentin/Marine,Démarchage en nature,Domaine Saint-Cyr,,,"Contacté, sans réponse",,email@beaujolais-saintcyr.com,,,,,,,,,,,,,,
Marin/ Quentin/Marine,Démarchage en nature,Domaine Bulliat,,,"Contacté, sans réponse",,eric.bulliat@wanadoo.fr,,,,,,,,,,,,,,
Marin/ Quentin/Marine,Démarchage en nature,Domaine de Colette,,,"Contacté, sans réponse",,domainedecolette@gmail.com,,,,,,,,,,,,,,
Marin/ Quentin/Marine,Démarchage en nature,Domaine Nicolas Boudeau,,,"Contacté, sans réponse",,contact@nicolas-boudeau.com,,,,,,,,,,,,,,
,Démarchage en nature,Domaine de la Voûte des Crozes,,,Non contacté,,,,,,,,,,,,,,,,
Marin/ Quentin/Marine,Démarchage en nature,Domaine de Roche Guillon,,,"Contacté, sans réponse",,roche-guillon.coperet@wanadoo.fr,,,,,,,,,,,,,,
Marin/ Quentin/Marine,Démarchage en nature,Domaine Cheysson,,,"Contacté, sans réponse",,domainecheysson@orange.fr,,,,,,,,,,,,,,
,Démarchage en nature,Château de la Terrière,,,Non contacté,,,,,,,,,,,,,,,,
,Démarchage en nature,Domaine les Roches Bleue,,,Non contacté,,,,,,,,,,,,,,,,
Marin/ Quentin/Marine,Démarchage en nature,Domaine des Frères Perroud,,,"Contacté, sans réponse",,,,https://www.freres-perroud.com/contact.php,,,,,,,,,,,,
,Démarchage en nature,Domaine Paul Janin et Fils,,,Non contacté,,,,,,,,,,,,,,,,
,Démarchage en nature,Domaine de La Poyebade,,,Non contacté,,,,,,,,,,,,,,,,
Marin/ Quentin/Marine,Démarchage en nature,Domaine Coperet,,,mauvais mail,,contact@domainegillescoperet.com,,,,,,,,,,,,,,
,Démarchage en nature,Domaine du Vissoux,,,Non contacté,,,,,,,,,,,,,,,,
Marin/ Quentin/Marine,Démarchage en nature,Domaine de Briante,,,"Contacté, sans réponse",,contact@domainedebriante.fr,,,,,,,,,,,,,,
Marin/ Quentin/Marine,Démarchage en nature,Domaine Crêt des Garanches,,,"Contacté, sans réponse",,,,https://cretdesgaranches.fr/le-domaine/contact,,,,,,,,,,,,
Marin/ Quentin/Marine,Démarchage en nature,Domaine Jean-Marc Burgaud,,,"Contacté, sans réponse",,contact@jean-marc-burgaud.com,,,,,,,,,,,,,,
Marin/ Quentin/Marine,Démarchage en nature,Domaine de la Combe au Loup,,,Non contacté,,,,,,,,,,,,,,,,
Marin/ Quentin/Marine,Démarchage en nature,Domaine des Pins,,,"Contacté, sans réponse",,jdesonis@domainedespins.fr,,,,,,,,,,,,,,
Marin/ Quentin/Marine,Démarchage en nature,Domaine de la Grand'Cour,,,"Contacté, sans réponse",,contact@familledutraive.fr,,,,,,,,,,,,,,
Marin/ Quentin/Marine,Démarchage en nature,Domaine Champier,,,Non contacté,,,,,,,,,,,,,,,,
Marin/ Quentin/Marine,Démarchage en nature,Domaine La Bastide Blanche,,,Non contacté,,,,,,,,,,,,,,,,
Marin/ Quentin/Marine,Démarchage en nature,Château Pradeaux ,,,Non contacté,,secretariat@chateaupradeaux.com,,,,,,,,,,,,,,
Marin/ Quentin/Marine,Démarchage en nature,Domaine Ott,,,Non contacté,,bernhard@ott.at,,,,,,,,,,,,,,
Marin/ Quentin/Marine,Démarchage en nature,Domaine Gros'Noré,,,Non contacté,,domaine@gros-nore.com,,,,,,,,,,,,,,
Marin/ Quentin/Marine,Démarchage en nature,Domaine de la Bégude,,,Non contacté,,reservation@domainedelabegude.fr,,,,,,,,,,,,,,
Marin/ Quentin/Marine,Démarchage en nature,Domaine Ray-Jane,,,Non contacté,,domaine@ray-jane.fr,,,,,,,,,,,,,,
Marin/ Quentin/Marine,Démarchage en nature,Domaine Bunan - Moulin des Costes,,,Non contacté,,,,,,,,,,,,,,,,
Marin/ Quentin/Marine,Démarchage en nature,Château Vannières,,,Non contacté,,info@vannieres.com,,,,,,,,,,,,,,
Marin/ Quentin/Marine,Démarchage en nature,Domaine de la Tour du Bon,,,"Contacté, sans réponse",,,,https://www.tourdubon.com/,,,,,,,,,,,,
Marin/ Quentin/Marine,Démarchage en nature,Domaine Souviou,,,Non contacté,,contact@souviou.com,,,,,,,,,,,,,,
Marin/ Quentin/Marine,Démarchage en nature,Château Sainte Anne,,,mauvais mail,,ca chelou un peu,,https://www.chateausainteanne.fr/adamas/,,,,,,,,,,,,
Marin/ Quentin/Marine,Démarchage en nature,Domaine de Frégate,,,Non contacté,,accueil@domainedefregate.com,,,,,,,,,,,,,,
Marin/ Quentin/Marine,Démarchage en nature,Domaine La Suffrène,,,Non contacté,,commercial@suffrene.fr,,,,,,,,,,,,,,
Marin/ Quentin/Marine,Démarchage en nature,Domaine Lafran-Veyrolles,,,Non contacté,,contact@lafran-veyrolles.com,,,,,,,,,,,,,,
Marin/ Quentin/Marine,Démarchage en nature,Domaine Dupuy de Lôme,,,"Contacté, sans réponse",,,,https://dupuydelome.com/contact-acces/,,,,,,,,,,,,
Marin/ Quentin/Marine,Démarchage en nature,Domaine de la Garenne,,,"Contacté, sans réponse",,,,https://www.domainedelagarenne.net/contact.html,,,,,,,,,,,,
Marin/ Quentin/Marine,Démarchage en nature,Domaine de la Font des Pères,,,"Contacté, sans réponse",,,,https://shop.lafontdesperes.com/fr/nous-contacter,,,,,,,,,,,,
Marin/ Quentin/Marine,Démarchage en nature,Domaine de Cagueloup,,,"Contacté, sans réponse",,domainedecagueloup@gmail.com,,,,,,,,,,,,,,
Marin/ Quentin/Marine,Démarchage en nature,Domaine de l'Olivette,,,Non contacté,,,,,,,,,,,,,,,,
Marin/ Quentin/Marine,Démarchage en nature,Domaine Le Galantin,,,"Contacté, sans réponse",,domainelegalantin@gmail.com,,,,,,,,,,,,,,
Marin/ Quentin/Marine,Démarchage en nature,Château de la Noblesse,,,"Contacté, sans réponse",,chateau.noblesse@gmail.com,,,,,,,,,,,,,,
Marin/ Quentin/Marine,Démarchage en nature,Domaine Saint Louis,,,"Contacté, sans réponse",,benoit@chateausaintlouis.fr,,,,,,,,,,,,,,
Marin/ Quentin/Marine,Démarchage en nature,Domaine des Baguiers,,,Non contacté,,,,,,,,,,,,,,,,
Marin/ Quentin/Marine,Démarchage en nature,Domaine Maubernard,,,"Contacté, sans réponse",,info@maubernard.com,,,,,,,,,,,,,,
Marin/ Quentin/Marine,Démarchage en nature,Domaine de L'Estagnol,,,"Contacté, sans réponse",,contact@domainedelestagnol.com,,,,,,,,,,,,,,
Marin/ Quentin/Marine,Démarchage en nature,Domaine Les Luquettes,,,"Contacté, sans réponse",,domainelesluquettes@gmail.com,,,,,,,,,,,,,,
Marin/ Quentin/Marine,Démarchage en nature,Domaine de la Vivonne,,,Non contacté,,,,,,,,,,,,,,,,
Marin/ Quentin/Marine,Démarchage en nature,Domaine de la Baratonne,,,Non contacté,,,,,,,,,,,,,,,,
Marin/ Quentin/Marine,Démarchage en nature,Domaine Sainte Marie des Crozes,,,"Contacté, sans réponse",,d.alias11@orange.fr,,,,,,,,,,,,,,
Marin/ Quentin/Marine,Démarchage en nature,Domaine de la Roche Buissière,,,"Contacté, sans réponse",,,,http://www.larochebuissiere.fr/page_contact.html,,,,,,,,,,,,
Marin/ Quentin/Marine,Démarchage en nature,Domaine du Clos Naudin – Foreau,,,Non contacté,,,,,,,,,,,,,,,,
Marin/ Quentin/Marine,Démarchage en nature,Domaine François et Julien Pinon,,,Non contacté,,,,,,,,,,,,,,,,
Marin/ Quentin/Marine,Démarchage en nature,Domaine Vincent Carême,,,"Contacté, sans réponse",,,,https://vincentcareme.fr/contact/,,,,,,,,,,,,
Marin/ Quentin/Marine,Démarchage en nature,Domaine Le Capitaine,,,"Contacté, sans réponse",,contact@domainelecapitaine.com,,,,,,,,,,,,,,
Marin/ Quentin/Marine,Démarchage en nature,Domaine Marc Brédif,,,Non contacté,,,,,,,,,,,,,,,,
Marin/ Quentin/Marine,Démarchage en nature,Domaine du Viking,,,Non contacté,,,,,,,,,,,,,,,,
Marin/ Quentin/Marine,Démarchage en nature,Domaine de la Rouletière,,,Non contacté,,,,,,,,,,,,,,,,
Marin/ Quentin/Marine,Démarchage en nature,Domaine de la Croix des Vainqueurs,,,Non contacté,,,,,,,,,,,,,,,,
Marin/ Quentin/Marine,Démarchage en nature,Domaine de la Grand Taille,,,Non contacté,,,,,,,,,,,,,,,,
Marin/ Quentin/Marine,Démarchage en nature,Domaine Allias,,,"Contacté, sans réponse",,domaine-allias@outlook.fr,,,,,,,,,,,,,,
Marin/ Quentin/Marine,Démarchage en nature,Domaine Christophe Gaudron,,,"Contacté, sans réponse",,contact@christophegaudron.fr,,,,,,,,,,,,,,
Marin/ Quentin/Marine,Démarchage en nature,Domaine des Bergeons,,,"Contacté, sans réponse",,,,https://domainedesbergeons.fr/index.php?page=MnuContact,,,,,,,,,,,,
Marin/ Quentin/Marine,Démarchage en nature,Domaine des Cormiers Roux,,,Non contacté,,,,,,,,,,,,,,,,
Marin/ Quentin/Marine,Démarchage en nature,Domaine Freslier,,,"Contacté, sans réponse",,jean-pierre@domainefreslier.com,,,,,,,,,,,,,,
Marin/ Quentin/Marine,Démarchage en nature,Domaine Maison Darragon,,,"Contacté, sans réponse",,,,https://www.maisondarragon.com/contact-vouvray-maison-darragon/,,,,,,,,,,,,
Marin/ Quentin/Marine,Démarchage en nature,Domaine Maison Peltier,,,"Contacté, sans réponse",,contact@maisonpeltier.fr,,,,,,,,,,,,,,
Marin/ Quentin/Marine,Démarchage en nature,Domaine Morvan,,,"Contacté, sans réponse",,morvan.vinsdevouvray@hotmail.com,,,,,,,,,,,,,,
Marin/ Quentin/Marine,Démarchage en nature,Domaine Pierre Champion,,,"Contacté, sans réponse",,,,https://www.pierre-champion-vouvray.fr/contact.html,,,,,,,,,,,,
Marin/ Quentin/Marine,Démarchage en nature,Domaine Vigneau-Chevreau,,,Validé,,contact@vigneau-chevreau.com,,,6 bouteilles de fines bulles historique Pétillant Brut ,,,,,,,,,,,
Marin/ Quentin/Marine,Démarchage en nature,Domaine Yvon et Pascal Tabordet,,,Non contacté,,,,,,,,,,,,,,,,
Marin/ Quentin/Marine,Démarchage en nature,Domaine de la Fontainerie,,,Non contacté,,,,,,,,,,,,,,,,
Marin/ Quentin/Marine,Démarchage en nature,Domaine de la Poultière,,,Non contacté,,,,,,,,,,,,,,,,
Marin/ Quentin/Marine,Démarchage en nature,Domaine de la Roche Moreau,,,"Contacté, sans réponse",,davy.larochemoreau@wanadoo.fr,,,,,,,,,,,,,,
Marin/ Quentin/Marine,Démarchage en nature,Domaine de la Tuffière,,,Non contacté,,,,,,,,,,,,,,,,
Marin/ Quentin/Marine,Démarchage en nature,Domaine de la Vallée Coquette,,,Non contacté,,,,,,,,,,,,,,,,
Marin/ Quentin/Marine,Démarchage en nature,Domaine de la Vinçonnière,,,Non contacté,,,,,,,,,,,,,,,,
Marin/ Quentin/Marine,Démarchage en nature,Domaine de la Voûte,,,Non contacté,,,,,,,,,,,,,,,,
Marin/ Quentin/Marine,Démarchage en nature,Domaine de l'Épinay,,,Non contacté,,,,https://www.domainedelepinay.com/contact/,,,,,,,,,,,,
Marin/ Quentin/Marine,Démarchage en nature,Domaine de l'Hermitage,,,Non contacté,,,,,,,,,,,,,,,,
Marin/ Quentin/Marine,Démarchage en nature,Domaine Philippe Brisebarre,,,"Contacté, sans réponse",,vignoble@brisebarre.fr,,,,,,,,,,,,,,
Marin/ Quentin/Marine,Démarchage en nature,Domaine des Aubuisières,,,"Contacté, sans réponse",,info@famillelebrumare.com,,,,,,,,,,,,,,
Marin/ Quentin/Marine,Démarchage en nature,Domaine du Margalleau,,,"Contacté, sans réponse",,earl.pieaux@orange.fr,,,,,,,,,,,,,,
Marin/ Quentin/Marine,Démarchage en nature,Domaine Pichot,,,"Contacté, sans réponse",,contact@domaine-pichot.com,,,,,,,,,,,,,,
Marin/ Quentin/Marine,Démarchage en nature,Domaine de l'Aumônerie,,,Non contacté,,,,,,,,,,,,,,,,
Marin/ Quentin/Marine,Démarchage en nature,Domaine de la Durandière,,,"Contacté, sans réponse",,,,https://www.chateaudeladurandiere.fr/contact/,,,,,,,,,,,,
Marin/ Quentin/Marine,Démarchage en nature,Domaine de la Perruche,,,"Contacté, sans réponse",,tourisme@domainedelaperruche.fr,,,,,,,,,,,,,,
Marin/ Quentin/Marine,Démarchage en nature,Domaine du Petit Val,,,Non contacté,,,,,,,,,,,,,,,,
Marin/ Quentin/Marine,Démarchage en nature,Domaine de la Noblaie,,,"Contacté, sans réponse",,contact@lanoblaie.fr,,,,,,,,,,,,,,
Marin/ Quentin/Marine,Démarchage en nature,Domaine Voarick,,,"Contacté, sans réponse",,domaine@michelvoarick.fr,,,,,,,,,,,,,,
Marin/ Quentin/Marine,Démarchage en nature,Château des Matards-Domaine de la Margotterie,,,Non contacté,,,,,,,,,,,,,,,,
Marin/ Quentin/Marine,Démarchage en nature,Château les Bertrands,,,"Contacté, sans réponse",,chateau.les.bertrands@wanadoo.fr,,,,,,,,,,,,,,
Marin/ Quentin/Marine,Démarchage en nature,Château Mondésir Gazin,,,"Contacté, sans réponse",,mondesirgazin@gmail.com,,,,,,,,,,,,,,
Marin/ Quentin/Marine,Démarchage en nature,Château Icla,,,"Contacté, sans réponse",,contact@chateau-icla.com,,,,,,,,,,,,,,
Marin/ Quentin/Marine,Démarchage en nature,Château Vieux Mougnac,,,"Contacté, sans réponse",,contact@vieuxmougnac.com,,,,,,,,,,,,,,
Marin/ Quentin/Marine,Démarchage en nature,Château Brethous,,,"Contacté, sans réponse",,chateaubrethous@gmail.com,,,,,,,,,,,,,,
Marin/ Quentin/Marine,Démarchage en nature,Château des Cèdres,,,Non contacté,,,,,,,,,,,,,,,,
Marin/ Quentin/Marine,Démarchage en nature,Château la Bertrande,,,"Contacté, sans réponse",,chateaulabertrande@hotmail.fr,,,,,,,,,,,,,,
Marin/ Quentin/Marine,Démarchage en nature,Château Bellevue,,,"Contacté, sans réponse",,contact@chateaubellevue.fr,,,,,,,,,,,,,,
Marin/ Quentin/Marine,Démarchage en nature,Vignobles Michel Bergey,,,Non contacté,,,,,,,,,,,,,,,,
Marin/ Quentin/Marine,Démarchage en nature,Chateau Brulesécaille,,,"Contacté, sans réponse",,contact@brulesecaille.com,,,,,,,,,,,,,,
Marin/ Quentin/Marine,Démarchage en nature,Chateau Martinat,,,Non contacté,,,,,,,,,,,,,,,,
Marin/ Quentin/Marine,Démarchage en nature,Château Lalande Labatut,,,"Contacté, sans réponse",,info@lalande-labatut.com,,,,,,,,,,,,,,
Marin/ Quentin/Marine,Démarchage en nature,Château Tour de Calens - Château Saint-Ange,,,Non contacté,,,,,,,,,,,,,,,,
Marin/ Quentin/Marine,Démarchage en nature,Château Carbon d'Artigues et Château la Passonne,,,Non contacté,,,,,,,,,,,,,,,,
Marin/ Quentin/Marine,Démarchage en nature,Château de la Gravelière,,,Non contacté,,,,,,,,,,,,,,,,
Marin/ Quentin/Marine,Démarchage en nature,Château de Porte Pères,,,Non contacté,,,,,,,,,,,,,,,,
Marin/ Quentin/Marine,Démarchage en nature,Château Pont de Brion,,,Non contacté,,,,,,,,,,,,,,,,
Marin/ Quentin/Marine,Démarchage en nature,Château Sirio,,,"Contacté, sans réponse",,contact@chateausirio.fr,,,,,,,,,,,,,,
Marin/ Quentin/Marine,Démarchage en nature,Château Gûnes,,,"Contacté, sans réponse",,,,https://www.chateau-gunes.fr/fr/contact/,,,,,,,,,,,,
Marin/ Quentin/Marine,Démarchage en nature,Château Altimar - Château Haut Chatain,,,"Contacté, sans réponse",,contact@chateau-altimar.com,,,,,,,,,,,,,,
Marin/ Quentin/Marine,Démarchage en nature,Château Belles-Graves,,,"Contacté, sans réponse",,x.piton@belles-graves.com,,,,,,,,,,,,,,
Marin/ Quentin/Marine,Démarchage en nature,Château Bourseau,,,"Contacté, sans réponse",,contact@vignoblesgaboriaud.com,,,,,,,,,,,,,,
Marin/ Quentin/Marine,Démarchage en nature,Château Haut-Goujon,,,"Contacté, sans réponse",,contact@chateauhautgoujon.com,,,,,,,,,,,,,,
Marin/ Quentin/Marine,Démarchage en nature,Domaine du Grand Ormeau,,,"Contacté, sans réponse",,domainegrandormeau@gmail.com,,,,,,,,,,,,,,
Marin/ Quentin/Marine,Démarchage en nature,Château du Cros,,,"Contacté, sans réponse",,info@chateauducros.com,,,,,,,,,,,,,,
Marin/ Quentin/Marine,Démarchage en nature,Château Haut Breton Larigaudière,,,"Contacté, sans réponse",,visites@chateau-hbl.com,,,,,,,,,,,,,,
Marin/ Quentin/Marine,Démarchage en nature,Château le Coteau,,,"Contacté, sans réponse",,,,https://chateaulecoteau.com/contact/,,,,,,,,,,,,
Marin/ Quentin/Marine,Démarchage en nature,Château Haut Mousseau - Château Pontac Gadet,,,Non contacté,,,,,,,,,,,,,,,,
Marin/ Quentin/Marine,Démarchage en nature,Château l'Inclassable,,,"Contacté, sans réponse",,remy.fauchey@orange.fr,,,,,,,,,,,,,,
Marin/ Quentin/Marine,Démarchage en nature,Château la Gorce,,,"Contacté, sans réponse",,info@chateaulagorce.com,,,,,,,,,,,,,,
Marin/ Quentin/Marine,Démarchage en nature,Château Noaillac,,,"Contacté, sans réponse",,noaillac@noaillac.com,,,,,,,,,,,,,,
Marin/ Quentin/Marine,Démarchage en nature,Château Dutruch Grand Poujeaux,,,Non contacté,,,,,,,,,,,,,,,,
Marin/ Quentin/Marine,Démarchage en nature,Domaine Jean-Christophe Coubris,,,"Contacté, sans réponse",,contact@domainejccoubris.fr,,,,,,,,,,,,,,
Marin/ Quentin/Marine,Démarchage en nature,Château la Fon du Berger,,,"Contacté, sans réponse",,contact@vignoblesbouges.com,,,,,,,,,,,,,,
Marin/ Quentin/Marine,Démarchage en nature,Château de France,,,"Contacté, refus",,contact@chateau-de-france.com,,,,,,,,,,,,,,
Marin/ Quentin/Marine,Démarchage en nature,Château Lafargue Familles Leymarie et Peyrout,,,Non contacté,,,,,,,,,,,,,,,,
Marin/ Quentin/Marine,Démarchage en nature,Château les grands Sillons - Château Côtes de Bonde,,,Non contacté,,,,,,,,,,,,,,,,
Marin/ Quentin/Marine,Démarchage en nature,Vignobles Garzaro,,,"Contacté, sans réponse",,contact@vignoblesgarzaro.com,,,,,,,,,,,,,,
Marin/ Quentin/Marine,Démarchage en nature,Vignobles Mouty Daniel,,,Non contacté,,,,,,,,,,,,,,,,
Marin/ Quentin/Marine,Démarchage en nature,Château Clarisse,,,"Contacté, sans réponse",,contact@chateau-clarisse.com,,,,,,,,,,,,,,
Marin/ Quentin/Marine,Démarchage en nature,Vignobles Poitou-Operie,,,Non contacté,,,,,,,,,,,,,,,,
Marin/ Quentin/Marine,Démarchage en nature,Vignobles Mallard,,,"Contacté, sans réponse",,contact@laurent-mallard.com,,,,,,,,,,,,,,
Marin/ Quentin/Marine,Démarchage en nature,Château Clos Saint Emilion Philippe,,,Non contacté,,,,,,,,,,,,,,,,
Marin/ Quentin/Marine,Démarchage en nature,Château Devillaire,,,Non contacté,,,,,,,,,,,,,,,,
Marin/ Quentin/Marine,Démarchage en nature,Château la Grace Fonrazade,,,"Contacté, sans réponse",,persevero@lagracefonrazade.com,,,,,,,,,,,,,,
Marin/ Quentin/Marine,Démarchage en nature,Château la Renomée Maine Reynaud,,,Non contacté,,,,,,,,,,,,,,,,
Marin/ Quentin/Marine,Démarchage en nature,Château Lagarde Bellevue - Chevalier des Anges,,,"Contacté, sans réponse",,,,https://lagarde-bellevue.com/contact-sovifa.html,,,,,,,,,,,,
Marin/ Quentin/Marine,Démarchage en nature,Château les Gravières,,,Non contacté,,denis.barraud@wanadoo.fr,,,,,,,,,,,,,,
Marin/ Quentin/Marine,Démarchage en nature,Château Milon - Clos de la Cure,,,Non contacté,,,,,,,,,,,,,,,,
Marin/ Quentin/Marine,Démarchage en nature,Château Moulin Bellegrave - Famille Mabileau,,,Non contacté,,,,,,,,,,,,,,,,
Marin/ Quentin/Marine,Démarchage en nature,Château Tour Grand Faure,,,Non contacté,,,,,,,,,,,,,,,,
Marin/ Quentin/Marine,Démarchage en nature,Clos des Abbesses,,,"Contacté, sans réponse",,clos.des.abbesses@gmail.com,,,,,,,,,,,,,,
Marin/ Quentin/Marine,Démarchage en nature,Clos Trimoulet,,,"Contacté, sans réponse",,contact@clos-trimoulet.com,,,,,,,,,,,,,,
Marin/ Quentin/Marine,Démarchage en nature,Vignobles Marcel Petit,,,"Contacté, sans réponse",,tcontact@vignobles-petit.com,,,,,,,,,,,,,,
Marin/ Quentin/Marine,Démarchage en nature,Château de Come,,,"Contacté, sans réponse",,come@chateaudecome.com,,,,,,,,,,,,,,
Marin/ Quentin/Marine,Démarchage en nature,Château Haut Coteau,,,Non contacté,,chateau.haut-coteau@wanadoo.fr,,,,,,,,,,,,,,
Marin/ Quentin/Marine,Démarchage en nature,Château la Haye,,,Non contacté,,,,https://www.chateaulahaye.fr/en/contact/,,,,,,,,,,,,
Marin/ Quentin/Marine,Démarchage en nature,Château la Rose Brana,,,Non contacté,,,,,,,,,,,,,,,,
Marin/ Quentin/Marine,Démarchage en nature,Château la Bridane,,,Non contacté,,,,,,,,,,,,,,,,
Marin/ Quentin/Marine,Démarchage en nature,Château de Teste,,,Non contacté,,,,,,,,,,,,,,,,
Marin/ Quentin/Marine,Démarchage en nature,Bastide Des Deux Lunes,Non contacté,,Défi de Bacchus,,,,,,,,,,,,,,,,
Marin/ Quentin/Marine,Démarchage en nature,1. Château BATAILLEY – Pauillac,Non contacté,,Défi de Bacchus,deja connu ? on contact pas par mail si ? ,domaines@borie-manoux.fr,,,,,,,,,,,,,,
Marin/ Quentin/Marine,Démarchage en nature,2. Château HAUT-BATAILLEY – Pauillac,"Contacté, sans réponse",,Défi de Bacchus,,hlefranc@jmcazes.com,,,,,,,,,,,,,,
Marin/ Quentin/Marine,Démarchage en nature,3. Château GRAND-PUY-LACOSTE – Pauillac,"Contacté, sans réponse",,Défi de Bacchus,,dfxb@domainesfxborie.com,,,,,,,,,,,,,,
Marin/ Quentin/Marine,Démarchage en nature,4. Château GRAND-PUY DUCASSE – Pauillac,"Contacté, sans réponse",,Défi de Bacchus,, contact@cagrandscrus.fr,,,,,,,,,,,,,,
,Démarchage en nature,,Non contacté,,,,,,,,,,,,,,,,,,
Marin/ Quentin/Marine,Démarchage en nature,6. Château LYNCH-MOUSSAS – Pauillac,"Contacté, sans réponse",,Défi de Bacchus,,documentation@borie-manoux.fr,,,,,,,,,,,,,,
Marin/ Quentin/Marine,Démarchage en nature,7. Château DAUZAC – Margaux,"Contacté, sans réponse",,Défi de Bacchus,,contact@chateaudauzac.com,,,,,,,,,,,,,,
Marin/ Quentin/Marine,Démarchage en nature,8. Château d’ARMAILHAC – Pauillac,"Contacté, sans réponse",,Défi de Bacchus,,webmaster@bpdr.com,,,,,,,,,,,,,,
Marin/ Quentin/Marine,Démarchage en nature,9. Château du TERTRE – Margaux,"Contacté, sans réponse",,Défi de Bacchus,,reservations@chateaudutertre.fr,,,,,,,,,,,,,,
Marin/ Quentin/Marine,Démarchage en nature,10. Château HAUT-BAGES LIBÉRAL – Pauillac,"Contacté, sans réponse",,Défi de Bacchus,,boutique@hautbagesliberal.com ; infos@ferriere.com,,,,,,,,,,,,,,
,Démarchage en nature,,Non contacté,,,,,,,,,,,,,,,,,,
Marin/ Quentin/Marine,Démarchage en nature,12. Château BELGRAVE – Haut-Médoc,Non contacté,,Défi de Bacchus,,accueil@arvitis.com ; à l'attention de Dourthe,,,,,,,,,,,,,,
Marin/ Quentin/Marine,Démarchage en nature,13. Château de CAMENSAC – Haut-Médoc,Non contacté,,Défi de Bacchus,,,,,,,,,,,,,,,,
Marin/ Quentin/Marine,Démarchage en nature,14. Château COS LABORY – Saint-Estèphe,"Contacté, sans réponse",,Défi de Bacchus,,contact@cos-labory.com,,,,,,,,,,,,,,
Marin/ Quentin/Marine,Démarchage en nature,15. Château CLERC MILON – Pauillac,Non contacté,,Défi de Bacchus,,caroline artaud cartaud@bphr.com,,,,,,,,,,,,,,
Marin/ Quentin/Marine,Démarchage en nature,16. Château CROIZET-BAGES – Pauillac,"Contacté, sans réponse",,Défi de Bacchus,,contact@domaines-quie.com,,,,,,,,,,,,,,
,Démarchage en nature,,Non contacté,,,,,,,,,,,,,,,,,,
Marin/ Quentin/Marine,Démarchage en nature,"18. Château d’Yquem, Sauternes, AOC Sauternes","Contacté, sans réponse",,Défi de Bacchus,,contact@yquem.fr,,,,,,,,,,,,,,
Marin/ Quentin/Marine,Démarchage en nature,19. Château LA TOUR BLANCHE – Sauternes,"Contacté, sans réponse",,Défi de Bacchus,,tour-blanche@tour-blanche.com,,,,,,,,,,,,,,
Marin/ Quentin/Marine,Démarchage en nature,20. Château LAFAURIE-PEYRAGUEY – Sauternes,"Contacté, sans réponse",,Défi de Bacchus,,info@vignobles-silvio-denz.com,,,,,,,,,,,,,,
Marin/ Quentin/Marine,Démarchage en nature,21. Clos HAUT-PEYRAGUEY – Sauternes,"Contacté, sans réponse",,Défi de Bacchus,,accueil@pape-clément.com,,,,,,,,,,,,,,
Marin/ Quentin/Marine,Démarchage en nature,22. Château de RAYNE VIGNEAU – Sauternes,Non contacté,,Défi de Bacchus,,,,,,,,,,,,,,,,
,Démarchage en nature,,Non contacté,,,,,,,,,,,,,,,,,,
Marin/ Quentin/Marine,Démarchage en nature,Bastide Des Terres Blanches,Non contacté,,Défi de Bacchus,,,,,,,,,,,,,,,,
Marin/ Quentin/Marine,Démarchage en nature,Benoit Chapelle,Non contacté,,Défi de Bacchus,,,,,,,,,,,,,,,,
Marin/ Quentin/Marine,Démarchage en nature,Berli,Non contacté,,Défi de Bacchus,,,,,,,,,,,,,,,,
Marin/ Quentin/Marine,Démarchage en nature,Bois Des Demoiselles,Non contacté,,Défi de Bacchus,,,,,,,,,,,,,,,,
,Démarchage en nature,,Non contacté,,,,,,,,,,,,,,,,,,
Marin/ Quentin/Marine,Démarchage en nature,Castel Freres,Non contacté,,Défi de Bacchus,,,,,,,,,,,,,,,,
Marin/ Quentin/Marine,Démarchage en nature,Castel Frères Béziers,Non contacté,,Défi de Bacchus,,,,,,,,,,,,,,,,
Marin/ Quentin/Marine,Démarchage en nature,Castel Freres Blanquefort,Non contacté,,Défi de Bacchus,,,,,,,,,,,,,,,,
Marin/ Quentin/Marine,Démarchage en nature,Castel Frères Saint Priest,Non contacté,,Défi de Bacchus,,,,,,,,,,,,,,,,
Marin/ Quentin/Marine,Démarchage en nature,Castel Frères Thiais,Non contacté,,Défi de Bacchus,,,,,,,,,,,,,,,,
Marin/ Quentin/Marine,Démarchage en nature,Chateau Suduiraut – Sauternes,"Contacté, sans réponse",,Défi de Bacchus,,contact@suduiraut.com,,,,,,,,,,,,,,
Marin/ Quentin/Marine,Démarchage en nature,Chateau Coutet – Barsac,"Contacté, sans réponse",,Défi de Bacchus,Annelise: prends le relais contact direct ,info@chateaucoutet.com,,,,,,,,,,,,,,
Marin/ Quentin/Marine,Démarchage en nature,Château Climens – Barsac,"Contacté, sans réponse",,Défi de Bacchus,,contact@chateau-climens.fr,,,,,,,,,,,,,,
Marin/ Quentin/Marine,Démarchage en nature,Chateau Guiraud – Sauternes,"Contacté, sans réponse",,Défi de Bacchus,,accueil@chateauguiraud.com,,,,,,,,,,,,,,
Marin/ Quentin/Marine,Démarchage en nature,Chateau Rieussec – Sauternes,"Contacté, sans réponse",,Défi de Bacchus,,rieussec@lafite.com,,,,,,,,,,,,,,
Marin/ Quentin/Marine,Démarchage en nature,Chateau Rabaud-Promis – Sauternes,"Contacté, sans réponse",,Défi de Bacchus,,contact@rabaud-promis.com,,,,,,,,,,,,,,
Marin/ Quentin/Marine,Démarchage en nature,Chateau Sigalas Rabaud – Sauternes,"Contacté, sans réponse",,Défi de Bacchus,,chateausigalasrabaud@gmail.com,,,,,,,,,,,,,,
Marin/ Quentin/Marine,Démarchage en nature,Chateau de Myrat – Barsac,"Contacté, sans réponse",,Défi de Bacchus,,myrat@chateaudemyrat.fr,,,,,,,,,,,,,,
Marin/ Quentin/Marine,Démarchage en nature,Chateau Doisy Daëne – Barsac,"Contacté, sans réponse",,Défi de Bacchus,,contact@denisdubourdieu.fr,,,,,,,,,,,,,,
Marin/ Quentin/Marine,Démarchage en nature,Chateau Doisy-Dubroca – Barsac,"Contacté, sans réponse",,Défi de Bacchus,,contact@denisdubourdieu.fr,,,,,,,,,,,,,,
Marin/ Quentin/Marine,Démarchage en nature,Chateau Doisy-Védrines – Barsac,"Contacté, sans réponse",,Défi de Bacchus,,doisy-vedrines@orange.fr,,,,,,,,,,,,,,
,Démarchage en nature,,Non contacté,,,,,,,,,,,,,,,,,,
Marin/ Quentin/Marine,Démarchage en nature,Chateau Filhot – Sauternes,"Contacté, sans réponse",,Défi de Bacchus,,filhot@filhot.com,,,,,,,,,,,,,,
Marin/ Quentin/Marine,Démarchage en nature,Chateau Broustet – Barsac,Non contacté,,Défi de Bacchus,,,,,,,,,,,,,,,,
Marin/ Quentin/Marine,Démarchage en nature,Chateau Nairac,"Contacté, sans réponse",,Défi de Bacchus,,contact@chateaunairac.com,,,,,,,,,,,,,,
Marin/ Quentin/Marine,Démarchage en nature,Chateau Caillou,"Contacté, sans réponse",,Défi de Bacchus,,contact@chateaucaillou.com,,,,,,,,,,,,,,
Marin/ Quentin/Marine,Démarchage en nature,Chateau Suau,"Contacté, sans réponse",,Défi de Bacchus,,contact@chateausuau.com,,,,,,,,,,,,,,
Marin/ Quentin/Marine,Démarchage en nature,Chateau de Malle,Non contacté,,Défi de Bacchus,,,,,,,,,,,,,,,,
Marin/ Quentin/Marine,Démarchage en nature,Chateau de Romer du Hayot,Non contacté,,Défi de Bacchus,,,,,,,,,,,,,,,,
Marin/ Quentin/Marine,Démarchage en nature,Chateau Romer,"Contacté, sans réponse",,Défi de Bacchus,,vins@janoueixfrancois.com,,,,,,,,,,,,,,
,Démarchage en nature,,,,,,,,,,,,,,,,,,,,
Marin/ Quentin/Marine,Démarchage en nature,Chateau Lamothe-Guignard,"Contacté, sans réponse",,Défi de Bacchus,,contact@chateau-lamothe-guignard.com; info@chateau-lamothe.com,,,,,,,,,,,,,,
Marin/ Quentin/Marine,Démarchage en nature,Chateau Langoa Barton,"Contacté, sans réponse",,Défi de Bacchus,,chateau@barton-family-wines.com,,,,,,,,,,,,,,
,Démarchage en nature,,Non contacté,,,,,,,,,,,,,,,,,,
Marin/ Quentin/Marine,Démarchage en nature,Chateau Malescot Saint-Exupéry,"Contacté, sans réponse",,Défi de Bacchus,,malescotstexupery@exupery.com,,,,,,,,,,,,,,
Marin/ Quentin/Marine,Démarchage en nature,Chateau Boyd-Cantenac,"Contacté, sans réponse",,Défi de Bacchus,,administration@boyd-cantenac.fr,,,,,,,,,,,,,,
,,,Non contacté,,,,,,,,,,,,,,,,,,
Marin/ Quentin/Marine,Démarchage en nature,Chateau Palmer,"Contacté, sans réponse",,Défi de Bacchus,,dantenolleau@chateau-palmer.com,,,,,,,,,,,,,,
Marin/ Quentin/Marine,Démarchage en nature,Chateau La Lagune,"Contacté, sans réponse",,Défi de Bacchus,,contact@chateau-lalagune.com,,,,,,,,,,,,,,
,,,Non contacté,,,,,,,,,,,,,,,,,,
Marin/ Quentin/Marine,Démarchage en nature,Chateau Calon Ségur,"Contacté, sans réponse",,Défi de Bacchus,,calon-segur@calon-segur.com,,,,,,,,,,,,,,
Marin/ Quentin/Marine,Démarchage en nature,Chateau Ferrière,"Contacté, sans réponse",,Défi de Bacchus,,boutique@ferriere.com,,,,,,,,,,,,,,
Marin/ Quentin/Marine,Démarchage en nature,Chateau Marquis d'Alesme Becker,"Contacté, sans réponse",,Défi de Bacchus,,contact@marquis.wine,,,,,,,,,,,,,,
Marin/ Quentin/Marine,Démarchage en nature,Chateau Saint-Pierre,"Contacté, sans réponse",,Défi de Bacchus,,contact@chateausaintpierre.fr,,,,,,,,,,,,,,
Marin/ Quentin/Marine,Démarchage en nature,Chateau Talbot,"Contacté, sans réponse",,Défi de Bacchus,,talbot@chateau-talbot.com,,,,,,,,,,,,,,
Marin/ Quentin/Marine,Démarchage en nature,Chateau Branaire-Ducru,"Contacté, sans réponse",,Défi de Bacchus,,branaire@branaire.com,,,,,,,,,,,,,,
Marin/ Quentin/Marine,Démarchage en nature,Chateau Duhart–Milon,"Contacté, sans réponse",,Défi de Bacchus,,visites@lafitte.com,,,,,,,,,,,,,,
,,,Non contacté,,,,,,,,,,,,,,,,,,
Marin/ Quentin/Marine,Démarchage en nature,Chateau La Tour Carnet,"Contacté, sans réponse",,Défi de Bacchus,,visite@latour-carnet.com,,,,,,,,,,,,,,
Marin/ Quentin/Marine,Démarchage en nature,Chateau Lafon-Rochet,"Contacté, sans réponse",,Défi de Bacchus,,lafont@lafont-rochet.com,,,,,,,,,,,,,,
Marin/ Quentin/Marine,Démarchage en nature,Chateau Beychevelle,"Contacté, sans réponse",,Défi de Bacchus,,beychevelle@beychevelle.com,,,,,,,,,,,,,,
Marin/ Quentin/Marine,Démarchage en nature,Chateau Prieuré-Lichine,"Contacté, sans réponse",,Défi de Bacchus,,l.latrille@prieuré-lichine.fr,,,,,,,,,,,,,,
Marin/ Quentin/Marine,Démarchage en nature,Chateau Marquis de Terme,Non contacté,,Défi de Bacchus,,,,,,,,,,,,,,,,
,,,Non contacté,,,,,,,,,,,,,,,,,,
Marin/ Quentin/Marine,Démarchage en nature,Chateau Pontet-Canet,"Contacté, sans réponse",,Défi de Bacchus,,info@pontet-canet.com,,,,,,,,,,,,,,
Marin/ Quentin/Marine,Démarchage en nature,Chateau Fonplégade,"Contacté, sans réponse",,Défi de Bacchus,,chateaufonplegade@fonplegade.fr,,,,,,,,,,,,,,
Marin/ Quentin/Marine,Démarchage en nature,MDCV Châteaux et Vignobles en Provence,"Contacté, sans réponse",,Défi de Bacchus,,,,,,,,,,,,,,,,
Marin/ Quentin/Marine,Démarchage en nature,Château les Mesclances,"Contacté, sans réponse",,Défi de Bacchus,,,,,,,,,,,,,,,,
Marin/ Quentin/Marine,Démarchage en nature,Face B,"Contacté, sans réponse",,Défi de Bacchus,,contact@vins-face-b.fr,,,,,,,,,,,,,,
Marin/ Quentin/Marine,Démarchage en nature,Chateau Haut Bernasse,"Contacté, sans réponse",,Défi de Bacchus,,chateau.hautbernasse@orange.fr,,,,,,,,,,,,,,
Marin/ Quentin/Marine,Démarchage en nature,Minuty,"Contacté, sans réponse",,Défi de Bacchus,,,,,,,,,,,,,,,,
Marin/ Quentin/Marine,Démarchage en nature,MAISON BRUNO ANDREU,"Contacté, sans réponse",,Défi de Bacchus,,,,,,,,,,,,,,,,
Angelo,Démarchage en nature,Champagne KRUG,"Contacté, sans réponse",,Défi de Bacchus,,mboury@krug.fr,,,,,,,,,,,,,,
Angelo,Démarchage en nature,Domaine Lorenzon (Mercurey),"Contacté, sans réponse",,Défi de Bacchus,,contact@domainelorenzon.com,,,,,,,,,,,,,,
Clément ,Démarchage en nature,Luca Roagna,"Contacté, sans réponse",,Défi de Bacchus,,,,,,,,,,,,,,,,
Clément ,Démarchage en nature,Angelo Gaja,"Contacté, sans réponse",,Défi de Bacchus,,,,,,,,,,,,,,,,
Clément ,Démarchage en nature,Masseto,"Contacté, sans réponse",,Défi de Bacchus,,,,,,,,,,,,,,,,
Clément ,Démarchage en nature,Bodega Vega Sicilia ,"Contacté, sans réponse",,Défi de Bacchus,,,,,,,,,,,,,,,,
Clément ,Démarchage en nature,Antinori ,"Contacté, sans réponse",,Défi de Bacchus,,,,,,,,,,,,,,,,
Clément ,Démarchage en nature,Giuseppe Rinaldi ,"Contacté, sans réponse",,Défi de Bacchus,,,,,,,,,,,,,,,,
Clément ,Démarchage en nature,JJ Prüm,"Contacté, sans réponse",,Défi de Bacchus,,,,,,,,,,,,,,,,
Clément ,Démarchage en nature,Marie Thérèse Chappaz ,"Contacté, sans réponse",,Défi de Bacchus,,,,,,,,,,,,,,,,
Clément ,Démarchage en nature,Weingut Keller ,"Contacté, sans réponse",,Défi de Bacchus,,,,,,,,,,,,,,,,
Annelise,Démarchage en nature,Chateau Coutet ,,,,,,,,,,,,,,,,,,,
Annelise,Démarchage en nature,Des Tours,,,,,,,,,,,,,,,,,,,
Annelise,Démarchage en nature,Billecart Salmon ,,,,,,,,,,,,,,,,,,,