Château / Entreprise,Nom du Contact,Email,Téléphone,Statut de la demande,Motif de refus,Membre de SDC,Catégorie,Apparaît dans la bible ? ,type de vins princiapl,Pôle concerné,Région,Poste,Nombre de bouteilles,Logistique,Suivi des étapes,Contexte de la demande/commentaires,Région/Appellation,Aspect RSE,Possible de démarcher à nouveau ?,"Si oui, quel type ?"
Domaine Eric Sage,,,,Non contacté,,,catégorie,Non,,Pôle concerné,,,,,,,,,,
Domaine L'Orée du Sabia,,contact@loreedusabia.com,,relance faite,,Marin/ Quentin/Marine,Démarchage en nature,Non,,Défi de Bacchus,,,,,,,,,,
Vignobles Mercier,,contact@mercier-vins.com,,relance faite,,Marin/ Quentin/Marine,Démarchage en nature,Non,,Défi de Bacchus,,,,,,,,,,
Domaine Coirier,,contact@domainecoirier.fr,,relance faite,,Marin/ Quentin/Marine,Démarchage en nature,Non,,Défi de Bacchus,,,,,,,,,,
Domaine de la Barbinière,,contact@domainedelabarbiniere.com,,relance faite,,Marin/ Quentin/Marine,Démarchage en nature,Non,,Défi de Bacchus,,,,,,,,,,
Domaine Georges Vernay,,contact@georges-vernay.fr,,relance faite,,Marin/ Quentin/Marine,Démarchage en nature,Non,,Défi de Bacchus,,,,,,,,,,
Domaine Jean-Michel Gerin,,info@domaine-gerin.fr,,relance faite,,Marin/ Quentin/Marine,Démarchage en nature,Non,,Défi de Bacchus,,,,,,,,,,
Domaine Guigal,,contact@guigal.com,474561022,Validé,,Marin/ Quentin/Marine,Démarchage en nature,Non,,Défi de Bacchus,,,,,,,,,,
Domaine Pierre Gaillard,,famille@gaillard.vin,,relance faite,,Marin/ Quentin/Marine,Démarchage en nature,Non,,Défi de Bacchus,,,,,,,,,,
Domaine Bernard Gripa,,contact@domainegraillot.com,,relance faite,,Marin/ Quentin/Marine,Démarchage en nature,Non,,Défi de Bacchus,,,,,,,,,,
Domaine Alain Graillot,,,,"Contacté, sans réponse",,,Démarchage en nature,Non,,Défi de Bacchus,,,,,,,,,,
Domaine Alain Voge,,contact@alain-voge.com,,Validé,,Marin/ Quentin/Marine,Démarchage en nature,Non,,Défi de Bacchus,,,,,,,,,,
Domaine Auguste Clape,,pierre.clape@wanadoo.fr,,"Contacté, sans réponse",,,Démarchage en nature,Non,,Défi de Bacchus,,,,,,,,,,
Domaine Courbis,,contact@domaine-courbis.fr,,relance faite,,Marin/ Quentin/Marine,Démarchage en nature,Non,,Défi de Bacchus,,,,,,,,,,
Domaine François Villard,,contact@domainevillard.com,,relance faite,,Marin/ Quentin/Marine,Démarchage en nature,Non,,Défi de Bacchus,,,,,,,,,,
Domaine Delas Frères,,contact@delas.com,,"Contacté, en discussions",,Marin/ Quentin/Marine,Démarchage en nature,Non,,Pôle concerné,,,,,,,,,,
Domaine Chapoutier,,vpc@chapoutier.com,,relance faite,,Marin/ Quentin/Marine,Démarchage en nature,Non,,Pôle concerné,,,,,,,,,,
Domaine Paul Jaboulet Aîné,tester l'an prochain,info@jaboulet.com,,"Contacté, refus",,Marin/ Quentin/Marine,Démarchage en nature,Non,rouge,Pôle concerné,,,,,,,,,,
Domaine Jean-Louis Chave,,domaine@domainejlchave.fr,,relance faite,,Marin/ Quentin/Marine,Démarchage en nature,Non,rouge,Pôle concerné,,,,,,,,,,
Domaine Ferraton Père & Fils,,contact@ferraton.fr,,relance faite,,Marin/ Quentin/Marine,Démarchage en nature,Non,rouge,Pôle concerné,,,,,,,,,,
Domaine Gonon,,,,Non contacté,,,Démarchage en nature,Non,,Pôle concerné,,,,,,,,,,
Domaine du Tunnel,,domaine-du-tunnel@wanadoo.fr,,"Contacté, sans réponse",,Marin/ Quentin/Marine,Démarchage en nature,Non,,Pôle concerné,,,,,,,,,,
Domaine Colombo,,colombo@vinscolombo.fr,,relance faite,,Marin/ Quentin/Marine,Démarchage en nature,Non,rouge,Pôle concerné,,,,,,,,,,
Domaine du Coulet,,matthieu.barret@domaineducoulet.com,,relance faite,,Marin/ Quentin/Marine,Démarchage en nature,Non,rouge,Pôle concerné,,,,,,,,,,
Domaine Coursodon,,domaine@coursodon.fr,,relance faite,,Marin/ Quentin/Marine,Démarchage en nature,Non,rouge,Pôle concerné,,,,,,,,,,
Domaine Belle,,contact@domainebelle.com,,relance faite,,Marin/ Quentin/Marine,Démarchage en nature,Non,rouge,Pôle concerné,,,,,,,,,,
Domaine Monier-Perréol,,,,Non contacté,,,Démarchage en nature,Non,,Pôle concerné,,,,,,,,,,
Domaine Emmanuel Darnaud,,domaine@edarnaud.com,,"Contacté, sans réponse",,Marin/ Quentin/Marine,Démarchage en nature,Non,,Pôle concerné,,,,,,,,,,
Domaine François Merlin,,domainef.merlin@orange.fr,,"Contacté, sans réponse",,Marin/ Quentin/Marine,Démarchage en nature,Non,,Pôle concerné,,,,,,,,,,
Domaine Vincent Paris,,vinsparis@wanadoo.fr,,mauvais mail,,Marin/ Quentin/Marine,Démarchage en nature,Non,,Pôle concerné,,,,,,,,,,
Domaine Faury,,contact@domaine-faury.fr,,relance faite,,Marin/ Quentin/Marine,Démarchage en nature,Non,rouge,Pôle concerné,,,,,,,,,,
Domaine Bernard Faurie,,,,Non contacté,,,Démarchage en nature,Non,rouge,Pôle concerné,,,,,,,,,,
Domaine François-Xavier Nicolas,,contact@fxnicolas.com,,"Contacté, sans réponse",,Marin/ Quentin/Marine,Démarchage en nature,Non,rouge,Pôle concerné,,,,,,,,,,
Domaine Richard,,,,Non contacté,,,Démarchage en nature,Non,rouge,Pôle concerné,,,,,,,,,,
Domaine Laurent Combier,,,,Non contacté,,,Démarchage en nature,Non,rouge,Pôle concerné,,,,,,,,,,
Domaine François Dumas,,,,Non contacté,,,Démarchage en nature,Non,rouge,Pôle concerné,,,,,,,,,,
Domaine Pierre Gonon,,,,Non contacté,,,Démarchage en nature,Non,rouge,Pôle concerné,,,,,,,,,,
Domaine Gilles Robin,,domaine@gillesrobin.com,,relance faite,,Marin/ Quentin/Marine,Démarchage en nature,Non,rouge,Pôle concerné,,,,,,,,,,
Domaine Duclaux,,contact@coterotie-duclaux.com,,relance faite,,Marin/ Quentin/Marine,Démarchage en nature,Non,rouge,Pôle concerné,,,,,,,,,,
Domaine Leccia,,contact@domaine-leccia.com,,relance faite,,Marin/ Quentin/Marine,Démarchage en nature,Non,rouge,Pôle concerné,,,,,,,,,,
Domaine Antoine Arena,,"""jeanbaptiste.arena@orange.fr"" ",,"Contacté, sans réponse",,Marin/ Quentin/Marine,Démarchage en nature,Non,,Pôle concerné,,,,,,,,,,
Clos Santini,,domaine.francksantini@gmail.com,,relance faite,,Marin/ Quentin/Marine,Démarchage en nature,Non,rouge,Pôle concerné,,,,,,,,,,
Clos Teddi,,clos.teddi@orange.fr,,relance faite,,Marin/ Quentin/Marine,Démarchage en nature,Non,rouge,Pôle concerné,,,,,,,,,,
Domaine Gentile,,domaine.gentile@wanadoo.fr,,relance faite,,Marin/ Quentin/Marine,Démarchage en nature,Non,rouge,Pôle concerné,,,,,,,,,,
Domaine Orenga de Gaffory,,contact@orengadegaffory.com,,relance faite,,Marin/ Quentin/Marine,Démarchage en nature,Non,,Pôle concerné,,,,,,,,,,
Domaine Giudicelli,domaine.giudicelli@gmail.com,muriel.giudicelli@wanadoo.fr,,mauvais mail,,Marin/ Quentin/Marine,Démarchage en nature,Non,,Pôle concerné,,,,,,,,,,
Domaine Devichi,,,,Non contacté,,,Démarchage en nature,,,,,,,,,,,,,
Domaine Poli,,clos.alivu@orange.fr,,relance faite,,Marin/ Quentin/Marine,Démarchage en nature,,,,,,,,,,,,,
Domaine Yves Leccia,,info@yves-leccia.com,,mauvais mail,,Marin/ Quentin/Marine,Démarchage en nature,,,,,,,,,,,,,
Domaine Lazzarini,,,,Non contacté,,,Démarchage en nature,,,,,,,,,,,,,
Clos de Bernardi,,,,Non contacté,,,Démarchage en nature,,,,,,,,,,,,,
Domaine Montemagni,,,,Non contacté,,,Démarchage en nature,,,,,,,,,,,,,
Clos Alivu,,clos.alivu@orange.fr,,"Contacté, sans réponse",,Marin/ Quentin/Marine,Démarchage en nature,,,,,,,,,,,,,
Clos Venturi,,,,Non contacté,,,Démarchage en nature,,,,,,,,,,,,,
Clos Marfisi,,julie.marfisi@gmail.com,,relance faite,,Marin/ Quentin/Marine,Démarchage en nature,,,,,,,,,,,,,
Domaine Comte Abbatucci,,contact@domaine-abbatucci.com,,relance faite,,Marin/ Quentin/Marine,Démarchage en nature,,,,,,,,,,,,,
Clos Capitoro,,info@clos-capitoro.com,,relance faite,,Marin/ Quentin/Marine,Démarchage en nature,,,,,,,,,,,,,
Domaine Peraldi,,info@domaineperaldi.com,,relance faite,,Marin/ Quentin/Marine,Démarchage en nature,,,,,,,,,,,,,
Clos d’Alzeto,,contact@closdalzeto.com,,relance faite,,Marin/ Quentin/Marine,Démarchage en nature,,,,,,,,,,,,,
Domaine Vaccelli,,vaccelli@aol.com,,relance faite,,Marin/ Quentin/Marine,Démarchage en nature,,,,,,,,,,,,,
Domaine Mosconi,,infos@domainemosconi.com,,mauvais mail,,Marin/ Quentin/Marine,Démarchage en nature,,,,,,,,,,,,,
Clos Ornasca,,closornasca@orange.fr,,relance faite,,Marin/ Quentin/Marine,Démarchage en nature,,,,,,,,,,,,,
Domaine A Peraccia,,domaine.aperaccia@orange.fr,,relance faite,,Marin/ Quentin/Marine,Démarchage en nature,,,,,,,,,,,,,
Domaine Pietrella,,info@domainedepietrella.com,,relance faite,,Marin/ Quentin/Marine,Démarchage en nature,,,,,,,,,,,,,
Domaine Sant Armettu,,contact@santarmettu.com,,relance faite,,Marin/ Quentin/Marine,Démarchage en nature,,,,,,,,,,,,,
Domaine Granajolo,,info@granajolo.fr,,relance faite,,Marin/ Quentin/Marine,Démarchage en nature,,,,,,,,,,,,,
Domaine Zuria,,accueil@domainezuria.com,,"Contacté, sans réponse",,Marin/ Quentin/Marine,Démarchage en nature,,,,,,,,,,,,,
Clos Canarelli,,closcanarelli2a@orange.fr,,relance faite,,Marin/ Quentin/Marine,Démarchage en nature,,,,,,,,,,,,,
Domaine de Tanella,,contact@domaine-tanella.com,,relance faite,,Marin/ Quentin/Marine,Démarchage en nature,,,,,,,,,,,,,
Domaine de Torraccia,,torracciaoriu@wanadoo.fr,,relance faite,,Marin/ Quentin/Marine,Démarchage en nature,,,,,,,,,,,,,
Domaine de San Gavino,,,,Non contacté,,,Démarchage en nature,,,,,,,,,,,,,
Domaine Peretti della Rocca,,contact@domaineperettidellarocca.com,,mauvais mail,,Marin/ Quentin/Marine,Démarchage en nature,,,,,,,,,,,,,
Domaine Vecchio,,domaine.vecchio@wanadoo.fr,,mauvais mail,,Marin/ Quentin/Marine,Démarchage en nature,,,,,,,,,,,,,
Clos Paoli,,,,Non contacté,,,Démarchage en nature,,,,,,,,,,,,,
Domaine Saparale,,contact@saparale.com,,relance faite,,Marin/ Quentin/Marine,Démarchage en nature,,,,,,,,,,,,,
Domaine San Micheli,,domaine.san.micheli@orange.fr,,mauvais mail,,Marin/ Quentin/Marine,Démarchage en nature,,,,,,,,,,,,,
Domaine Fiumicicoli,,contact@fiumicicoli.corsica,,relance faite,,Marin/ Quentin/Marine,Démarchage en nature,,,,,,,,,,,,,
Clos Fornelli,,,,Non contacté,,,Démarchage en nature,,,,,,,,,,,,,
Domaine Pero Longo,,contact@perolongo.com,,relance faite,,Marin/ Quentin/Marine,Démarchage en nature,,,,,,,,,,,,,
Domaine Renucci,,contact@domaine-renucci.com,,relance faite,,Marin/ Quentin/Marine,Démarchage en nature,,,,,,,,,,,,,
Clos Culombu,,contact.culombu@gmail.com,,relance faite,,Marin/ Quentin/Marine,Démarchage en nature,,,,,,,,,,,,,
Domaine Alzipratu,"Estelle Ponthieux Giamarchi et bureau@alzipratu.com 3 bouteilles –AOP Corse Calvi  Cuvée   « Pumonte » rouge 2022
3 bouteilles –AOP Corse Calvi  Cuvée  « Pumonte » blanc 2024",reservationalzipratu@gmail.com,,Validé,,Marin/ Quentin/Marine,Démarchage en nature,,,,,,,,,,,,,
Clos Landry,,vinscloslandry@gmail.com,,relance faite,,Marin/ Quentin/Marine,Démarchage en nature,,,,,,,,,,,,,
Domaine Maestracci,,,,Non contacté,,,Démarchage en nature,,,,,,,,,,,,,
Domaine Castellu di Baricci,,,,Non contacté,,,Démarchage en nature,,,,,,,,,,,,,
Clos Poggiale,,boutique@terra-vecchia.fr,,relance faite,,Marin/ Quentin/Marine,Démarchage en nature,,,,,,,,,,,,,
Domaine Clos Venturi,boutique@domainevico.com et Claire Chomel  6 clos venturi Blanc IP 2022 et  6 domaine vico les parcellaires U fornu rouge 2022,contact@domainevico.com,,Validé,,Marin/ Quentin/Marine,Démarchage en nature,,,,,,,,,,,,,
Clos Signadore,,contact@signadore.com,,relance faite,,Marin/ Quentin/Marine,Démarchage en nature,,,t,,,,,,,,,,
Domaine Uvalone,,,,Non contacté,,,Démarchage en nature,,,,,,,,,,,,,
Domaine de Pratavone,,,,Non contacté,,,Démarchage en nature,,,,,,,,,,,,,
Domaine Fior di Lecci,,,,Non contacté,,,Démarchage en nature,,,,,,,,,,,,,
Domaine Vico,,,,Non contacté,,,Démarchage en nature,,,,,,,,,,,,,
Domaine de Mavella,,,,Non contacté,,,Démarchage en nature,,,,,,,,,,,,,
Domaine Terra di Catoni,,,,Non contacté,,,Démarchage en nature,,,,,,,,,,,,,
Domaine U Stiliccionu,,,,Non contacté,,,Démarchage en nature,,,,,,,,,,,,,
Domaine Pieretti,,,,Non contacté,,,Démarchage en nature,,,,,,,,,,,,,
Clos Nicrosi,,,,Non contacté,,,Démarchage en nature,,,,,,,,,,,,,
Domaine Casabianca,,,,Non contacté,,,Démarchage en nature,,,,,,,,,,,,,
Domaine Casanova,,,,Non contacté,,,Démarchage en nature,,,,,,,,,,,,,
Clos San Quilico,,contact@sanquilico.com,,relance faite,,Marin/ Quentin/Marine,Démarchage en nature,,,,,,,,,,,,,
Domaine de Musoleu,,,,Non contacté,,,Démarchage en nature,,,,,,,,,,,,,
Domaine Boccheciampe,,domaine.boccheciampe@gmail.com,,relance faite,,Marin/ Quentin/Marine,Démarchage en nature,,,,,,,,,,,,,
Domaine Revelette,,chateaurevelette@orange.fr,,relance faite,,Marin/ Quentin/Marine,Démarchage en nature,,,,,,,,,,,,,
Domaine Schoffit,,,,Non contacté,,,Démarchage en nature,,,,,,,,,,,,,
Domaine Kamm & Fils,,,,Non contacté,,,Démarchage en nature,,,,,,,,,,,,,
Domaine Albert Seltz,,info@albert-seltz.fr,,relance faite,,Marin/ Quentin/Marine,Démarchage en nature,,,,,,,,,,,,,
Domaine Emile Beyer,,info@emile-beyer.fr,,relance faite,,Marin/ Quentin/Marine,Démarchage en nature,,,,,,,,,,,,,
Domaine Ginglinger-Fix,,contact@ginglinger-fix.fr,,mauvais mail,,Marin/ Quentin/Marine,Démarchage en nature,,,,,,,,,,,,,
Domaine Stoeffler,,info@vins-stoeffler.com,,relance faite,,Marin/ Quentin/Marine,Démarchage en nature,,,,,,,,,,,,,
Domaine Sylvie Spielmann,,contact@sylviespielmann.com,,relance faite,,Marin/ Quentin/Marine,Démarchage en nature,,,,,,,,,,,,,
Domaine Fernand Engel,,info@fernand-engel.fr,,relance faite,,Marin/ Quentin/Marine,Démarchage en nature,,,,,,,,,,,,,
Domaine Charles Frey,,contact@charles-frey.fr,,"Contacté, sans réponse",,Marin/ Quentin/Marine,Démarchage en nature,,,,,,,,,,,,,
Domaine Binner,,a-la-tienne@alsace-binner.com,,"Contacté, sans réponse",,Marin/ Quentin/Marine,Démarchage en nature,,,,,,,,,,,,,
Domaine Hubert Metz,,contact@hubertmetz.com,,"Contacté, sans réponse",,Marin/ Quentin/Marine,Démarchage en nature,,,,,,,,,,,,,
Domaine Léon Heitzmann,,,,Non contacté,,,Démarchage en nature,,,,,,,,,,,,,
Domaine Gérard Neumeyer,,contact@gerardneumeyer.fr,,"Contacté, sans réponse",,Marin/ Quentin/Marine,Démarchage en nature,,,,,,,,,,,,,
Domaine Seppi Landmann,,contact@seppi-landmann.fr,,"Contacté, sans réponse",,Marin/ Quentin/Marine,Démarchage en nature,,,,,,,,,,,,,
Domaine Laurent Bannwarth,,laurent@bannwarth.fr,,"Contacté, sans réponse",,Marin/ Quentin/Marine,Démarchage en nature,,,,,,,,,,,,,
Domaine Antoine Lienhardt,,antoinelienhardt.domaine@gmail.com,,"Contacté, sans réponse",,Marin/ Quentin/Marine,Démarchage en nature,,,,,,,,,,,,,
Domaine Yves Amberg,,amberg.yves@wanadoo.fr,,"Contacté, sans réponse",,Marin/ Quentin/Marine,Démarchage en nature,,,,,,,,,,,,,
Domaine Schoenheitz,,caveau@vins-schoenheitz.fr,,"Contacté, sans réponse",,Marin/ Quentin/Marine,Démarchage en nature,,,,,,,,,,,,,
Domaine Lucien Albrecht,,contact@lucien-albrecht.com,,"Contacté, sans réponse",,Marin/ Quentin/Marine,Démarchage en nature,,,,,,,,,,,,,
Domaine Fuchs et Fils,,,,Non contacté,,,Démarchage en nature,,,,,,,,,,,,,
Domaine Paul Ginglinger,,info@paul-ginglinger.fr,,"Contacté, sans réponse",,Marin/ Quentin/Marine,Démarchage en nature,,,,,,,,,,,,,
Domaine Ernest Burn,,contact@domaine-burn.fr,,"Contacté, sans réponse",,Marin/ Quentin/Marine,Démarchage en nature,,,,,,,,,,,,,
Domaine Lucien Jacob,,,,Non contacté,,,Démarchage en nature,,,,,,,,,,,,,
Domaine J.P. Scharsch,,,,Non contacté,,,Démarchage en nature,,,,,,,,,,,,,
Domaine Müller-Koeberlé,,,,Non contacté,,,Démarchage en nature,,,,,,,,,,,,,
Domaine Bruno Clair,,domaine@brunoclair.com,,"Contacté, sans réponse",,Marin/ Quentin/Marine,Démarchage en nature,,,,,,,,,,,,,
Domaine Joseph Roty,,,,Non contacté,,,Démarchage en nature,,,,,,,,,,,,,
Domaine Charles Audoin,,,,Non contacté,,,Démarchage en nature,,,,,,,,,,,,,
Domaine Sylvain Pataille,,,,Non contacté,,,Démarchage en nature,,,,,,,,,,,,,
Domaine Collette,,,,Non contacté,,,Démarchage en nature,,,,,,,,,,,,,
Domaine Huguenot,,contact@domainehuguenot.com,,"Contacté, refus",,Marin/ Quentin/Marine,Démarchage en nature,,,,,,,,,,,,,
Domaine Jean Fournier,,contact@domaine-fournier.com,,"Contacté, sans réponse",,Marin/ Quentin/Marine,Démarchage en nature,,,,,,,,,,,,,
Domaine Coillot,,,,Non contacté,,,Démarchage en nature,,,,,,,,,,,,,
Domaine Régis Bouvier,,contact@rene-lamy.fr,,"Contacté, sans réponse",,Marin/ Quentin/Marine,Démarchage en nature,,,,,,,,,,,,,
Domaine Joliet,,contact@domainejoliet.fr,,"Contacté, sans réponse",,Marin/ Quentin/Marine,Démarchage en nature,,,,,,,,,,,,,
Domaine Guy & Yvan Dufouleur,,,,Non contacté,,,Démarchage en nature,,,,,,,,,,,,,
Domaine du Clos Saint-Louis,,,,Non contacté,,,Démarchage en nature,,,,,,,,,,,,,
Domaine Philippe Naddef,,,,Non contacté,,,Démarchage en nature,,,,,,,,,,,,,
Domaine Pierre Naigeon,,,,Non contacté,,,Démarchage en nature,,,,,,,,,,,,,
Domaine Dugat-Py,,contact@dugat-py.fr,,"Contacté, sans réponse",,Marin/ Quentin/Marine,Démarchage en nature,,,,,,,,,,,,,
Domaine Duroché,,,,Non contacté,,,Démarchage en nature,,,,,,,,,,,,,
Domaine Claude Dugat,,,,Non contacté,,,Démarchage en nature,,,,,,,,,,,,,
Domaine Jean-Marie Fourrier,,,,Non contacté,,,Démarchage en nature,,,,,,,,,,,,,
Domaine Pierre Damoy,,,,Non contacté,,,Démarchage en nature,,,,,,,,,,,,,
Domaine Trapet Père et Fils,,message@trapet.fr,,"Contacté, sans réponse",,Marin/ Quentin/Marine,Démarchage en nature,,,,,,,,,,,,,
Domaine Rossignol-Trapet,,info@rossignol-trapet.com,,"Contacté, sans réponse",,Marin/ Quentin/Marine,Démarchage en nature,,,,,,,,,,,,,
Domaine Harmand-Geoffroy,,,,Non contacté,,,Démarchage en nature,,,,,,,,,,,,,
Domaine Marc Roy,,,,Non contacté,,,Démarchage en nature,,,,,,,,,,,,,
Domaine Denis Bachelet,,,,Non contacté,,,Démarchage en nature,,,,,,,,,,,,,
Domaine Humbert Frères,,,,Non contacté,,,Démarchage en nature,,,,,,,,,,,,,
Domaine Sylvie Esmonin,,,,Non contacté,,,Démarchage en nature,,,,,,,,,,,,,
Domaine Philippe Charlopin,,,,Non contacté,,,Démarchage en nature,,,,,,,,,,,,,
Domaine Henri Rebourseau,,domaine@rebourseau.com,,"Contacté, refus",,Marin/ Quentin/Marine,Démarchage en nature,,,,,,,,,,,,,
Domaine René Leclerc,,contact@domainereneleclerc.com,,"Contacté, sans réponse",,Marin/ Quentin/Marine,Démarchage en nature,,,,,,,,,,,,,
Domaine Christian Serafin,,,,Non contacté,,,Démarchage en nature,,,,,,,,,,,,,
Domaine Geantet-Pansiot,,,,Non contacté,,,Démarchage en nature,,,,,,,,,,,,,
Domaine Dujac,,contact@dujac.com,,mauvais mail,,Marin/ Quentin/Marine,Démarchage en nature,,,,,,,,,,,,,
Domaine des Lambrays,,clos@lambrays.com // https://www.lambrays.com/contact/,,"Contacté, sans réponse",,Marin/ Quentin/Marine,Démarchage en nature,,,,,,,,,,,,,
Domaine Hubert Lignier,,contact@hubert-lignier.com // https://hubert-lignier.com/fr/contact,,"Contacté, sans réponse",,Marin/ Quentin/Marine,Démarchage en nature,,,,,,,,,,,,,
Domaine Michel Magnien,,,,Non contacté,,,Démarchage en nature,,,,,,,,,,,,,
Domaine Perrot-Minot,,,,Non contacté,,,Démarchage en nature,,,,,,,,,,,,,
Domaine Lignier-Michelot,https://www.lacaveduclosmaillard.fr/contact.rub-103/,contact@domainevirgileligniermichelot.fr // https://domainevirgileligniermichelot.fr/,,Non contacté,,Marin/ Quentin/Marine,Démarchage en nature,,,,,,,,,,,,,
Domaine Georges Lignier,,,,Non contacté,,,Démarchage en nature,,,,,,,,,,,,,
Domaine Taupenot-Merme,https://www.domainemagnien.com/index.php/contact,,,Non contacté,,Marin/ Quentin/Marine,Démarchage en nature,,,,,,,,,,,,,
Domaine Stéphane Magnien,,,,"Contacté, sans réponse",,,Démarchage en nature,,,,,,,,,,,,,
Domaine Pierre Amiot et Fils,,,,Non contacté,,Marin/ Quentin/Marine,Démarchage en nature,,,,,,,,,,,,,
Domaine des Monts Luisants,,contact@domainedesmontsluisants.fr,,"Contacté, sans réponse",,Marin/ Quentin/Marine,Démarchage en nature,,,,,,,,,,,,,
Domaine Charlopin-Parizot,,contact@domaine-charlopin-parizot.com,,mauvais mail,,Marin/ Quentin/Marine,Démarchage en nature,,,,,,,,,,,,,
Domaine Dujardin,,contact@domaine-dujardin.com,,mauvais mail,,Marin/ Quentin/Marine,Démarchage en nature,,,,,,,,,,,,,
Domaine Clos des Lambrays,,,,Non contacté,,,Démarchage en nature,,,,,,,,,,,,,
Domaine Comte Georges de Vogüé,,,,Non contacté,,,Démarchage en nature,,,,,,,,,,,,,
Domaine Ghislaine Barthod,,,,Non contacté,,,Démarchage en nature,,,,,,,,,,,,,
Domaine Jacques-Frédéric Mugnier,,info@mugnier.fr,,"Contacté, refus",,Marin/ Quentin/Marine,Démarchage en nature,,,,,,,,,,,,,
Domaine Amiot-Servelle,,domaine@amiot-servelle.com,,"Contacté, refus",,,Démarchage en nature,,,,,,,,,,,,,
Domaine Anne et Hervé Sigaut,,,,Non contacté,,Marin/ Quentin/Marine,Démarchage en nature,,,,,,,,,,,,,
Domaine Hudelot-Noëllat,,contact@domaine-hudelot-noellat.com,,"Contacté, sans réponse",,Marin/ Quentin/Marine,Démarchage en nature,,,,,,,,,,,,,
Domaine Georges Roumier,,,,Non contacté,,,Démarchage en nature,,,,,,,,,,,,,
Domaine Christophe Roumier,,,,Non contacté,,,Démarchage en nature,,,,,,,,,,,,,
Domaine Bertheau,,ddb.reservation@gmail.com,,"Contacté, sans réponse",,Marin/ Quentin/Marine,Démarchage en nature,,,,,,,,,,,,,
Domaine Christian Clerget,,domainechristianclerget@wanadoo.fr,,"Contacté, sans réponse",,Marin/ Quentin/Marine,Démarchage en nature,,,,,,,,,,,,,
Domaine Digioia-Royer,,micheldigioia@wanadoo.fr,,"Contacté, sans réponse",,Marin/ Quentin/Marine,Démarchage en nature,,,,,,,,,,,,,
Domaine Joseph Drouhin,,maisondrouhin@drouhin.com,,"Contacté, sans réponse",,Marin/ Quentin/Marine,Démarchage en nature,,,,,,,,,,,,,
Domaine Laurent Roumier,,,,Non contacté,,,Démarchage en nature,,,,,,,,,,,,,
Domaine Méo-Camuzet,https://www.meo-camuzet.com/fr/contact/contacts annelise@meo-camuzet.com,,,Validé,,Marin/ Quentin/Marine,Démarchage en nature,,,,6 bouteilles de Fixin 2018,,,,,,,,,
Domaine Mugneret-Gibourg,,dgm@mugneret-gibourg.com,,"Contacté, sans réponse",,Marin/ Quentin/Marine,Démarchage en nature,,,,,,,,,,,,,
Domaine Robert Groffier,,,,Non contacté,,,Démarchage en nature,,,,,,,,,,,,,
Domaine d’Eugénie,,,,Non contacté,,Marin/ Quentin/Marine,Démarchage en nature,,,,,,,,,,,,,
Domaine Château de la Tour,,contact@lechateaudelatour.fr,,"Contacté, sans réponse",,Marin/ Quentin/Marine,Démarchage en nature,,,,,,,,,,,,,
Domaine René Engel,,,,Non contacté,,,Démarchage en nature,,,,,,,,,,,,,
Domaine Anne Gros,https://www.anne-gros.com/en/contact-2/,,,"Contacté, sans réponse",,Marin/ Quentin/Marine,Démarchage en nature,,,,,,,,,,,,,
Domaine Gros Frère et Sœur,https://www.gros-frere-et-soeur.com/fr_FR/contact/,,,"Contacté, sans réponse",,Marin/ Quentin/Marine,Démarchage en nature,,,,,,,,,,,,,
Domaine Jean Grivot,,,,Non contacté,,Marin/ Quentin/Marine,Démarchage en nature,,,,,,,,,,,,,
Domaine Louis Jadot,https://www.louisjadot.com/contacter-nous,,03 80 26 31 98,"Contacté, sans réponse",,,Démarchage en nature,,,,,,,,,,,,,
Domaine Mongeard-Mugneret,,,,Non contacté,,,Démarchage en nature,,,,,,,,,,,,,
Domaine Thibault Liger-Belair,,contact@thibaultligerbelair.com,,"Contacté, sans réponse",,Marin/ Quentin/Marine,Démarchage en nature,,,,,,,,,,,,,
Domaine Vougeraie,,vougeraie@domainedelavougeraie.com,,"Contacté, sans réponse",,Marin/ Quentin/Marine,Démarchage en nature,,,,,,,,,,,,,
Domaine de la Romanée-Conti,,,,Non contacté,,,Démarchage en nature,,,,,,,,,,,,,
Domaine Emmanuel Rouget,,,,Non contacté,,,Démarchage en nature,,,,,,,,,,,,,
Domaine Georges Noëllat,,,,Non contacté,,,Démarchage en nature,,,,,,,,,,,,,
Domaine Sylvain Cathiard,,,,Non contacté,,,Démarchage en nature,,,,,,,,,,,,,
Domaine Michel Gros,,,,Non contacté,,,Démarchage en nature,,,,,,,,,,,,,
Domaine François Lamarche,,,,Non contacté,,,Démarchage en nature,,,,,,,,,,,,,
Domaine A.F. Gros,,contact@af-gros.com,,"Contacté, refus",,Marin/ Quentin/Marine,Démarchage en nature,,,,,,,,,,,,,
Domaine Robert Arnoux,,,,Non contacté,,,Démarchage en nature,,,,,,,,,,,,,
Domaine Jean-Marc Millot,https://jean-marc-millot.com/contact,,,"Contacté, sans réponse",,Marin/ Quentin/Marine,Démarchage en nature,,,,,,,,,,,,,
Domaine Henri Gouges,,domaine@gouges.com,,"Contacté, sans réponse",,Marin/ Quentin/Marine,Démarchage en nature,,,,,,,,,,,,,
Domaine de l’Arlot,,,,Non contacté,,,Démarchage en nature,,,,,,,,,,,,,
Domaine Chevillon-Chezeaux,,chevillon.chezeaux@orange.fr,,"Contacté, sans réponse",,Marin/ Quentin/Marine,Démarchage en nature,,,,,,,,,,,,,
Domaine Robert Chevillon,,detb@domainerobertchevillon.fr,,"Contacté, sans réponse",,Marin/ Quentin/Marine,Démarchage en nature,,,,,,,,,,,,,
Domaine de Montille,,contact@demontille.com,,"Contacté, sans réponse",,Marin/ Quentin/Marine,Démarchage en nature,,,,,,,,,,,,,
Domaine Patrice Rion,,contact@patricerion.com,,"Contacté, sans réponse",,Marin/ Quentin/Marine,Démarchage en nature,,,,,,,,,,,,,
Domaine Jean-Jacques Confuron,,,,Non contacté,,,Démarchage en nature,,,,,,,,,,,,,
Domaine Chicotot,,chicotot@aol.com,,"Contacté, sans réponse",,Marin/ Quentin/Marine,Démarchage en nature,,,,,,,,,,,,,
Domaine Tollot-Beaut,,,,Non contacté,,,Démarchage en nature,,,,,,,,,,,,,
Domaine Chantal Lescure,https://www.domainelescure.fr/,,,Non contacté,,,Démarchage en nature,,,,,,,,,,,,,
Domaine de l'Hortus,,contact@domaine-hortus.fr,,"Contacté, sans réponse",,Marin/ Quentin/Marine,Démarchage en nature,,,,,,,,,,,,,
Château de Lascaux,,,,Non contacté,,,Démarchage en nature,,,,,,,,,,,,,
Mas Bruguière,,xavier.bruguiere@wanadoo.fr,,"Contacté, sans réponse",,Marin/ Quentin/Marine,Démarchage en nature,,,,,,,,,,,,,
Château La Roque,,"contact@chateau-laroque.fr, n.romanchenko@chateau-laroque.fr",,"Contacté, sans réponse",,Marin/ Quentin/Marine,Démarchage en nature,,,,,,,,,,,,,
Domaine Clavel,,info@vins-clavel.fr,,"Contacté, sans réponse",,Marin/ Quentin/Marine,Démarchage en nature,,,,,,,,,,,,,
Domaine de Mortiès,,contact@morties.com,,"Contacté, sans réponse",,Marin/ Quentin/Marine,Démarchage en nature,,,,,,,,,,,,,
Domaine de Cazeneuve,,chateaudecazeneuve@orange.fr,,"Contacté, sans réponse",,Marin/ Quentin/Marine,Démarchage en nature,,,,,,,,,,,,,
Mas de la Séranne,,,,Non contacté,,,Démarchage en nature,,,,,,,,,,,,,
Domaine Saint Daumary,,,,Non contacté,,,Démarchage en nature,,,,,,,,,,,,,
Clos Marie,https://www.closmarie.com/contact,,,"Contacté, sans réponse",,Marin/ Quentin/Marine,Démarchage en nature,,,,,,,,,,,,,
Domaine de l'Aiguelière,,contact@aigueliere.com,,"Contacté, sans réponse",,Marin/ Quentin/Marine,Démarchage en nature,,,,,,,,,,,,,
Château Puech-Haut,,contact@puech-haut.com,,"Contacté, sans réponse",,Marin/ Quentin/Marine,Démarchage en nature,,,,,,,,,,,,,
Domaine Haut-Lirou,,,,Non contacté,,,Démarchage en nature,,,,,,,,,,,,,
Mas Gourdou,,contact@masgourdou.com,,"Contacté, sans réponse",,Marin/ Quentin/Marine,Démarchage en nature,,,,,,,,,,,,,
Château de Montferrand,https://chateaudemontferrand.fr/contact.html,,,"Contacté, sans réponse",,Marin/ Quentin/Marine,Démarchage en nature,,,,,,,,,,,,,
Domaine Les Grandes Costes,,contact@grandes-costes.com,,"Contacté, sans réponse",,Marin/ Quentin/Marine,Démarchage en nature,,,,,,,,,,,,,
Domaine Foulaquier,https://boutique.masfoulaquier.fr/pages/contact,,,"Contacté, sans réponse",,Marin/ Quentin/Marine,Démarchage en nature,,,,,,,,,,,,,
Domaine Saint André de Figuière,,,,Non contacté,,,Démarchage en nature,,,,,,,,,,,,,
Mas d'Agalis,,,,Non contacté,,,Démarchage en nature,,,,,,,,,,,,,
Domaine des Conquêtes,https://www.domainedesconquetes.fr/content/10-contact,,,"Contacté, sans réponse",,Marin/ Quentin/Marine,Démarchage en nature,,,,,,,,,,,,,
Mas des Chimères,,contact@masdeschimeres.com,,"Contacté, sans réponse",,Marin/ Quentin/Marine,Démarchage en nature,,,,,,,,,,,,,
Domaine de Saumarez,https://www.domainedesaumarez.com/contact/,,,"Contacté, sans réponse",,Marin/ Quentin/Marine,Démarchage en nature,,,,,,,,,,,,,
Domaine de l'Oustal Blanc,,contact@loustalblanc.com,,"Contacté, sans réponse",,Marin/ Quentin/Marine,Démarchage en nature,,,,,,,,,,,,,
Domaine de Fons Sanatis,,,,Non contacté,,,Démarchage en nature,,,,,,,,,,,,,
Domaine du Mas de Rey,,,,Non contacté,,,Démarchage en nature,,,,,,,,,,,,,
Domaine de Cassagnau,,,,Non contacté,,,Démarchage en nature,,,,,,,,,,,,,
Domaine des Carabiniers,,,,Non contacté,,,Démarchage en nature,,,,,,,,,,,,,
Mas d'Agamas,,c.visseq@sfr.fr,,"Contacté, sans réponse",,Marin/ Quentin/Marine,Démarchage en nature,,,,,,,,,,,,,
Mas de la Plaine Haute,,contact@plaine-haute.com,,"Contacté, sans réponse",,Marin/ Quentin/Marine,Démarchage en nature,,,,,,,,,,,,,
Mas de la Devèze,,contact@masdeladeveze.fr,,"Contacté, sans réponse",,Marin/ Quentin/Marine,Démarchage en nature,,,,,,,,,,,,,
Domaine des Terres Dorées,,,,Non contacté,,,Démarchage en nature,,,,,,,,,,,,,
Domaine Ruet,,contact@ruet-beaujolais.fr,,"Contacté, sans réponse",,Marin/ Quentin/Marine,Démarchage en nature,,,,,,,,,,,,,
Château de Nervers,,contact@chateaudenervers.fr,,"Contacté, sans réponse",,Marin/ Quentin/Marine,Démarchage en nature,,,,,,,,,,,,,
Domaine Dubost,,contact@domainedubost.com,,"Contacté, sans réponse",,Marin/ Quentin/Marine,Démarchage en nature,,,,,,,,,,,,,
Château de Pierreux,,contact@chateaudepierreux.com,,"Contacté, sans réponse",,Marin/ Quentin/Marine,Démarchage en nature,,,,,,,,,,,,,
Domaine des Combiers,,savoyelaurent@gmail.com,,"Contacté, sans réponse",,Marin/ Quentin/Marine,Démarchage en nature,,,,,,,,,,,,,
Domaine Gérard Brisson,,,,Non contacté,,,Démarchage en nature,,,,,,,,,,,,,
Domaine de la Plaigne,,contact@domainedelaplaigne.com,,"Contacté, sans réponse",,Marin/ Quentin/Marine,Démarchage en nature,,,,,,,,,,,,,
Domaine de Bel-Air,,jean-louis.loup@wanadoo.fr,,"Contacté, sans réponse",,Marin/ Quentin/Marine,Démarchage en nature,,,,,,,,,,,,,
Domaine Baron de l'Ecluse,,baron.delecluse2@orange.fr,,"Contacté, sans réponse",,Marin/ Quentin/Marine,Démarchage en nature,,,,,,,,,,,,,
Domaine Saint-Cyr,,email@beaujolais-saintcyr.com,,"Contacté, sans réponse",,Marin/ Quentin/Marine,Démarchage en nature,,,,,,,,,,,,,
Domaine Bulliat,,eric.bulliat@wanadoo.fr,,"Contacté, sans réponse",,Marin/ Quentin/Marine,Démarchage en nature,,,,,,,,,,,,,
Domaine de Colette,,domainedecolette@gmail.com,,"Contacté, sans réponse",,Marin/ Quentin/Marine,Démarchage en nature,,,,,,,,,,,,,
Domaine Nicolas Boudeau,,contact@nicolas-boudeau.com,,"Contacté, sans réponse",,Marin/ Quentin/Marine,Démarchage en nature,,,,,,,,,,,,,
Domaine de la Voûte des Crozes,,,,Non contacté,,,Démarchage en nature,,,,,,,,,,,,,
Domaine de Roche Guillon,,roche-guillon.coperet@wanadoo.fr,,"Contacté, sans réponse",,Marin/ Quentin/Marine,Démarchage en nature,,,,,,,,,,,,,
Domaine Cheysson,,domainecheysson@orange.fr,,"Contacté, sans réponse",,Marin/ Quentin/Marine,Démarchage en nature,,,,,,,,,,,,,
Château de la Terrière,,,,Non contacté,,,Démarchage en nature,,,,,,,,,,,,,
Domaine les Roches Bleue,,,,Non contacté,,,Démarchage en nature,,,,,,,,,,,,,
Domaine des Frères Perroud,https://www.freres-perroud.com/contact.php,,,"Contacté, sans réponse",,Marin/ Quentin/Marine,Démarchage en nature,,,,,,,,,,,,,
Domaine Paul Janin et Fils,,,,Non contacté,,,Démarchage en nature,,,,,,,,,,,,,
Domaine de La Poyebade,,,,Non contacté,,,Démarchage en nature,,,,,,,,,,,,,
Domaine Coperet,,contact@domainegillescoperet.com,,mauvais mail,,Marin/ Quentin/Marine,Démarchage en nature,,,,,,,,,,,,,
Domaine du Vissoux,,,,Non contacté,,,Démarchage en nature,,,,,,,,,,,,,
Domaine de Briante,,contact@domainedebriante.fr,,"Contacté, sans réponse",,Marin/ Quentin/Marine,Démarchage en nature,,,,,,,,,,,,,
Domaine Crêt des Garanches,https://cretdesgaranches.fr/le-domaine/contact,,,"Contacté, sans réponse",,Marin/ Quentin/Marine,Démarchage en nature,,,,,,,,,,,,,
Domaine Jean-Marc Burgaud,,contact@jean-marc-burgaud.com,,"Contacté, sans réponse",,Marin/ Quentin/Marine,Démarchage en nature,,,,,,,,,,,,,
Domaine de la Combe au Loup,,,,Non contacté,,Marin/ Quentin/Marine,Démarchage en nature,,,,,,,,,,,,,
Domaine des Pins,,jdesonis@domainedespins.fr,,"Contacté, sans réponse",,Marin/ Quentin/Marine,Démarchage en nature,,,,,,,,,,,,,
Domaine de la Grand'Cour,,contact@familledutraive.fr,,"Contacté, sans réponse",,Marin/ Quentin/Marine,Démarchage en nature,,,,,,,,,,,,,
Domaine Champier,,,,Non contacté,,Marin/ Quentin/Marine,Démarchage en nature,,,,,,,,,,,,,
Domaine La Bastide Blanche,,,,Non contacté,,Marin/ Quentin/Marine,Démarchage en nature,,,,,,,,,,,,,
Château Pradeaux ,,secretariat@chateaupradeaux.com,,Non contacté,,Marin/ Quentin/Marine,Démarchage en nature,,,,,,,,,,,,,
Domaine Ott,,bernhard@ott.at,,Non contacté,,Marin/ Quentin/Marine,Démarchage en nature,,,,,,,,,,,,,
Domaine Gros'Noré,,domaine@gros-nore.com,,Non contacté,,Marin/ Quentin/Marine,Démarchage en nature,,,,,,,,,,,,,
Domaine de la Bégude,,reservation@domainedelabegude.fr,,Non contacté,,Marin/ Quentin/Marine,Démarchage en nature,,,,,,,,,,,,,
Domaine Ray-Jane,,domaine@ray-jane.fr,,Non contacté,,Marin/ Quentin/Marine,Démarchage en nature,,,,,,,,,,,,,
Domaine Bunan - Moulin des Costes,,,,Non contacté,,Marin/ Quentin/Marine,Démarchage en nature,,,,,,,,,,,,,
Château Vannières,,info@vannieres.com,,Non contacté,,Marin/ Quentin/Marine,Démarchage en nature,,,,,,,,,,,,,
Domaine de la Tour du Bon,https://www.tourdubon.com/,,,"Contacté, sans réponse",,Marin/ Quentin/Marine,Démarchage en nature,,,,,,,,,,,,,
Domaine Souviou,,contact@souviou.com,,Non contacté,,Marin/ Quentin/Marine,Démarchage en nature,,,,,,,,,,,,,
Château Sainte Anne,https://www.chateausainteanne.fr/adamas/,ca chelou un peu,,mauvais mail,,Marin/ Quentin/Marine,Démarchage en nature,,,,,,,,,,,,,
Domaine de Frégate,,accueil@domainedefregate.com,,Non contacté,,Marin/ Quentin/Marine,Démarchage en nature,,,,,,,,,,,,,
Domaine La Suffrène,,commercial@suffrene.fr,,Non contacté,,Marin/ Quentin/Marine,Démarchage en nature,,,,,,,,,,,,,
Domaine Lafran-Veyrolles,,contact@lafran-veyrolles.com,,Non contacté,,Marin/ Quentin/Marine,Démarchage en nature,,,,,,,,,,,,,
Domaine Dupuy de Lôme,https://dupuydelome.com/contact-acces/,,,"Contacté, sans réponse",,Marin/ Quentin/Marine,Démarchage en nature,,,,,,,,,,,,,
Domaine de la Garenne,https://www.domainedelagarenne.net/contact.html,,,"Contacté, sans réponse",,Marin/ Quentin/Marine,Démarchage en nature,,,,,,,,,,,,,
Domaine de la Font des Pères,https://shop.lafontdesperes.com/fr/nous-contacter,,,"Contacté, sans réponse",,Marin/ Quentin/Marine,Démarchage en nature,,,,,,,,,,,,,
Domaine de Cagueloup,,domainedecagueloup@gmail.com,,"Contacté, sans réponse",,Marin/ Quentin/Marine,Démarchage en nature,,,,,,,,,,,,,
Domaine de l'Olivette,,,,Non contacté,,Marin/ Quentin/Marine,Démarchage en nature,,,,,,,,,,,,,
Domaine Le Galantin,,domainelegalantin@gmail.com,,"Contacté, sans réponse",,Marin/ Quentin/Marine,Démarchage en nature,,,,,,,,,,,,,
Château de la Noblesse,,chateau.noblesse@gmail.com,,"Contacté, sans réponse",,Marin/ Quentin/Marine,Démarchage en nature,,,,,,,,,,,,,
Domaine Saint Louis,,benoit@chateausaintlouis.fr,,"Contacté, sans réponse",,Marin/ Quentin/Marine,Démarchage en nature,,,,,,,,,,,,,
Domaine des Baguiers,,,,Non contacté,,Marin/ Quentin/Marine,Démarchage en nature,,,,,,,,,,,,,
Domaine Maubernard,,info@maubernard.com,,"Contacté, sans réponse",,Marin/ Quentin/Marine,Démarchage en nature,,,,,,,,,,,,,
Domaine de L'Estagnol,,contact@domainedelestagnol.com,,"Contacté, sans réponse",,Marin/ Quentin/Marine,Démarchage en nature,,,,,,,,,,,,,
Domaine Les Luquettes,,domainelesluquettes@gmail.com,,"Contacté, sans réponse",,Marin/ Quentin/Marine,Démarchage en nature,,,,,,,,,,,,,
Domaine de la Vivonne,,,,Non contacté,,Marin/ Quentin/Marine,Démarchage en nature,,,,,,,,,,,,,
Domaine de la Baratonne,,,,Non contacté,,Marin/ Quentin/Marine,Démarchage en nature,,,,,,,,,,,,,
Domaine Sainte Marie des Crozes,,d.alias11@orange.fr,,"Contacté, sans réponse",,Marin/ Quentin/Marine,Démarchage en nature,,,,,,,,,,,,,
Domaine de la Roche Buissière,http://www.larochebuissiere.fr/page_contact.html,,,"Contacté, sans réponse",,Marin/ Quentin/Marine,Démarchage en nature,,,,,,,,,,,,,
Domaine du Clos Naudin – Foreau,,,,Non contacté,,Marin/ Quentin/Marine,Démarchage en nature,,,,,,,,,,,,,
Domaine François et Julien Pinon,,,,Non contacté,,Marin/ Quentin/Marine,Démarchage en nature,,,,,,,,,,,,,
Domaine Vincent Carême,https://vincentcareme.fr/contact/,,,"Contacté, sans réponse",,Marin/ Quentin/Marine,Démarchage en nature,,,,,,,,,,,,,
Domaine Le Capitaine,,contact@domainelecapitaine.com,,"Contacté, sans réponse",,Marin/ Quentin/Marine,Démarchage en nature,,,,,,,,,,,,,
Domaine Marc Brédif,,,,Non contacté,,Marin/ Quentin/Marine,Démarchage en nature,,,,,,,,,,,,,
Domaine du Viking,,,,Non contacté,,Marin/ Quentin/Marine,Démarchage en nature,,,,,,,,,,,,,
Domaine de la Rouletière,,,,Non contacté,,Marin/ Quentin/Marine,Démarchage en nature,,,,,,,,,,,,,
Domaine de la Croix des Vainqueurs,,,,Non contacté,,Marin/ Quentin/Marine,Démarchage en nature,,,,,,,,,,,,,
Domaine de la Grand Taille,,,,Non contacté,,Marin/ Quentin/Marine,Démarchage en nature,,,,,,,,,,,,,
Domaine Allias,,domaine-allias@outlook.fr,,"Contacté, sans réponse",,Marin/ Quentin/Marine,Démarchage en nature,,,,,,,,,,,,,
Domaine Christophe Gaudron,,contact@christophegaudron.fr,,"Contacté, sans réponse",,Marin/ Quentin/Marine,Démarchage en nature,,,,,,,,,,,,,
Domaine des Bergeons,https://domainedesbergeons.fr/index.php?page=MnuContact,,,"Contacté, sans réponse",,Marin/ Quentin/Marine,Démarchage en nature,,,,,,,,,,,,,
Domaine des Cormiers Roux,,,,Non contacté,,Marin/ Quentin/Marine,Démarchage en nature,,,,,,,,,,,,,
Domaine Freslier,,jean-pierre@domainefreslier.com,,"Contacté, sans réponse",,Marin/ Quentin/Marine,Démarchage en nature,,,,,,,,,,,,,
Domaine Maison Darragon,https://www.maisondarragon.com/contact-vouvray-maison-darragon/,,,"Contacté, sans réponse",,Marin/ Quentin/Marine,Démarchage en nature,,,,,,,,,,,,,
Domaine Maison Peltier,,contact@maisonpeltier.fr,,"Contacté, sans réponse",,Marin/ Quentin/Marine,Démarchage en nature,,,,,,,,,,,,,
Domaine Morvan,,morvan.vinsdevouvray@hotmail.com,,"Contacté, sans réponse",,Marin/ Quentin/Marine,Démarchage en nature,,,,,,,,,,,,,
Domaine Pierre Champion,https://www.pierre-champion-vouvray.fr/contact.html,,,"Contacté, sans réponse",,Marin/ Quentin/Marine,Démarchage en nature,,,,,,,,,,,,,
Domaine Vigneau-Chevreau,6 bouteilles de fines bulles historique Pétillant Brut,contact@vigneau-chevreau.com,,Validé,,Marin/ Quentin/Marine,Démarchage en nature,,,,,,,,,,,,,
Domaine Yvon et Pascal Tabordet,,,,Non contacté,,Marin/ Quentin/Marine,Démarchage en nature,,,,,,,,,,,,,
Domaine de la Fontainerie,,,,Non contacté,,Marin/ Quentin/Marine,Démarchage en nature,,,,,,,,,,,,,
Domaine de la Poultière,,,,Non contacté,,Marin/ Quentin/Marine,Démarchage en nature,,,,,,,,,,,,,
Domaine de la Roche Moreau,,davy.larochemoreau@wanadoo.fr,,"Contacté, sans réponse",,Marin/ Quentin/Marine,Démarchage en nature,,,,,,,,,,,,,
Domaine de la Tuffière,,,,Non contacté,,Marin/ Quentin/Marine,Démarchage en nature,,,,,,,,,,,,,
Domaine de la Vallée Coquette,,,,Non contacté,,Marin/ Quentin/Marine,Démarchage en nature,,,,,,,,,,,,,
Domaine de la Vinçonnière,,,,Non contacté,,Marin/ Quentin/Marine,Démarchage en nature,,,,,,,,,,,,,
Domaine de la Voûte,,,,Non contacté,,Marin/ Quentin/Marine,Démarchage en nature,,,,,,,,,,,,,
Domaine de l'Épinay,https://www.domainedelepinay.com/contact/,,,Non contacté,,Marin/ Quentin/Marine,Démarchage en nature,,,,,,,,,,,,,
Domaine de l'Hermitage,,,,Non contacté,,Marin/ Quentin/Marine,Démarchage en nature,,,,,,,,,,,,,
Domaine Philippe Brisebarre,,vignoble@brisebarre.fr,,"Contacté, sans réponse",,Marin/ Quentin/Marine,Démarchage en nature,,,,,,,,,,,,,
Domaine des Aubuisières,,info@famillelebrumare.com,,"Contacté, sans réponse",,Marin/ Quentin/Marine,Démarchage en nature,,,,,,,,,,,,,
Domaine du Margalleau,,earl.pieaux@orange.fr,,"Contacté, sans réponse",,Marin/ Quentin/Marine,Démarchage en nature,,,,,,,,,,,,,
Domaine Pichot,,contact@domaine-pichot.com,,"Contacté, sans réponse",,Marin/ Quentin/Marine,Démarchage en nature,,,,,,,,,,,,,
Domaine de l'Aumônerie,,,,Non contacté,,Marin/ Quentin/Marine,Démarchage en nature,,,,,,,,,,,,,
Domaine de la Durandière,https://www.chateaudeladurandiere.fr/contact/,,,"Contacté, sans réponse",,Marin/ Quentin/Marine,Démarchage en nature,,,,,,,,,,,,,
Domaine de la Perruche,,tourisme@domainedelaperruche.fr,,"Contacté, sans réponse",,Marin/ Quentin/Marine,Démarchage en nature,,,,,,,,,,,,,
Domaine du Petit Val,,,,Non contacté,,Marin/ Quentin/Marine,Démarchage en nature,,,,,,,,,,,,,
Domaine de la Noblaie,,contact@lanoblaie.fr,,"Contacté, sans réponse",,Marin/ Quentin/Marine,Démarchage en nature,,,,,,,,,,,,,
Domaine Voarick,,domaine@michelvoarick.fr,,"Contacté, sans réponse",,Marin/ Quentin/Marine,Démarchage en nature,,,,,,,,,,,,,
Château des Matards-Domaine de la Margotterie,,,,Non contacté,,Marin/ Quentin/Marine,Démarchage en nature,,,,,,,,,,,,,
Château les Bertrands,,chateau.les.bertrands@wanadoo.fr,,"Contacté, sans réponse",,Marin/ Quentin/Marine,Démarchage en nature,,,,,,,,,,,,,
Château Mondésir Gazin,,mondesirgazin@gmail.com,,"Contacté, sans réponse",,Marin/ Quentin/Marine,Démarchage en nature,,,,,,,,,,,,,
Château Icla,,contact@chateau-icla.com,,"Contacté, sans réponse",,Marin/ Quentin/Marine,Démarchage en nature,,,,,,,,,,,,,
Château Vieux Mougnac,,contact@vieuxmougnac.com,,"Contacté, sans réponse",,Marin/ Quentin/Marine,Démarchage en nature,,,,,,,,,,,,,
Château Brethous,,chateaubrethous@gmail.com,,"Contacté, sans réponse",,Marin/ Quentin/Marine,Démarchage en nature,,,,,,,,,,,,,
Château des Cèdres,,,,Non contacté,,Marin/ Quentin/Marine,Démarchage en nature,,,,,,,,,,,,,
Château la Bertrande,,chateaulabertrande@hotmail.fr,,"Contacté, sans réponse",,Marin/ Quentin/Marine,Démarchage en nature,,,,,,,,,,,,,
Château Bellevue,,contact@chateaubellevue.fr,,"Contacté, sans réponse",,Marin/ Quentin/Marine,Démarchage en nature,,,,,,,,,,,,,
Vignobles Michel Bergey,,,,Non contacté,,Marin/ Quentin/Marine,Démarchage en nature,,,,,,,,,,,,,
Chateau Brulesécaille,,contact@brulesecaille.com,,"Contacté, sans réponse",,Marin/ Quentin/Marine,Démarchage en nature,,,,,,,,,,,,,
Chateau Martinat,,,,Non contacté,,Marin/ Quentin/Marine,Démarchage en nature,,,,,,,,,,,,,
Château Lalande Labatut,,info@lalande-labatut.com,,"Contacté, sans réponse",,Marin/ Quentin/Marine,Démarchage en nature,,,,,,,,,,,,,
Château Tour de Calens - Château Saint-Ange,,,,Non contacté,,Marin/ Quentin/Marine,Démarchage en nature,,,,,,,,,,,,,
Château Carbon d'Artigues et Château la Passonne,,,,Non contacté,,Marin/ Quentin/Marine,Démarchage en nature,,,,,,,,,,,,,
Château de la Gravelière,,,,Non contacté,,Marin/ Quentin/Marine,Démarchage en nature,,,,,,,,,,,,,
Château de Porte Pères,,,,Non contacté,,Marin/ Quentin/Marine,Démarchage en nature,,,,,,,,,,,,,
Château Pont de Brion,,,,Non contacté,,Marin/ Quentin/Marine,Démarchage en nature,,,,,,,,,,,,,
Château Sirio,,contact@chateausirio.fr,,"Contacté, sans réponse",,Marin/ Quentin/Marine,Démarchage en nature,,,,,,,,,,,,,
Château Gûnes,https://www.chateau-gunes.fr/fr/contact/,,,"Contacté, sans réponse",,Marin/ Quentin/Marine,Démarchage en nature,,,,,,,,,,,,,
Château Altimar - Château Haut Chatain,,contact@chateau-altimar.com,,"Contacté, sans réponse",,Marin/ Quentin/Marine,Démarchage en nature,,,,,,,,,,,,,
Château Belles-Graves,,x.piton@belles-graves.com,,"Contacté, sans réponse",,Marin/ Quentin/Marine,Démarchage en nature,,,,,,,,,,,,,
Château Bourseau,,contact@vignoblesgaboriaud.com,,"Contacté, sans réponse",,Marin/ Quentin/Marine,Démarchage en nature,,,,,,,,,,,,,
Château Haut-Goujon,,contact@chateauhautgoujon.com,,"Contacté, sans réponse",,Marin/ Quentin/Marine,Démarchage en nature,,,,,,,,,,,,,
Domaine du Grand Ormeau,,domainegrandormeau@gmail.com,,"Contacté, sans réponse",,Marin/ Quentin/Marine,Démarchage en nature,,,,,,,,,,,,,
Château du Cros,,info@chateauducros.com,,"Contacté, sans réponse",,Marin/ Quentin/Marine,Démarchage en nature,,,,,,,,,,,,,
Château Haut Breton Larigaudière,,visites@chateau-hbl.com,,"Contacté, sans réponse",,Marin/ Quentin/Marine,Démarchage en nature,,,,,,,,,,,,,
Château le Coteau,https://chateaulecoteau.com/contact/,,,"Contacté, sans réponse",,Marin/ Quentin/Marine,Démarchage en nature,,,,,,,,,,,,,
Château Haut Mousseau - Château Pontac Gadet,,,,Non contacté,,Marin/ Quentin/Marine,Démarchage en nature,,,,,,,,,,,,,
Château l'Inclassable,,remy.fauchey@orange.fr,,"Contacté, sans réponse",,Marin/ Quentin/Marine,Démarchage en nature,,,,,,,,,,,,,
Château la Gorce,,info@chateaulagorce.com,,"Contacté, sans réponse",,Marin/ Quentin/Marine,Démarchage en nature,,,,,,,,,,,,,
Château Noaillac,,noaillac@noaillac.com,,"Contacté, sans réponse",,Marin/ Quentin/Marine,Démarchage en nature,,,,,,,,,,,,,
Château Dutruch Grand Poujeaux,,,,Non contacté,,Marin/ Quentin/Marine,Démarchage en nature,,,,,,,,,,,,,
Domaine Jean-Christophe Coubris,,contact@domainejccoubris.fr,,"Contacté, sans réponse",,Marin/ Quentin/Marine,Démarchage en nature,,,,,,,,,,,,,
Château la Fon du Berger,,contact@vignoblesbouges.com,,"Contacté, sans réponse",,Marin/ Quentin/Marine,Démarchage en nature,,,,,,,,,,,,,
Château de France,,contact@chateau-de-france.com,,"Contacté, refus",,Marin/ Quentin/Marine,Démarchage en nature,,,,,,,,,,,,,
Château Lafargue Familles Leymarie et Peyrout,,,,Non contacté,,Marin/ Quentin/Marine,Démarchage en nature,,,,,,,,,,,,,
Château les grands Sillons - Château Côtes de Bonde,,,,Non contacté,,Marin/ Quentin/Marine,Démarchage en nature,,,,,,,,,,,,,
Vignobles Garzaro,,contact@vignoblesgarzaro.com,,"Contacté, sans réponse",,Marin/ Quentin/Marine,Démarchage en nature,,,,,,,,,,,,,
Vignobles Mouty Daniel,,,,Non contacté,,Marin/ Quentin/Marine,Démarchage en nature,,,,,,,,,,,,,
Château Clarisse,,contact@chateau-clarisse.com,,"Contacté, sans réponse",,Marin/ Quentin/Marine,Démarchage en nature,,,,,,,,,,,,,
Vignobles Poitou-Operie,,,,Non contacté,,Marin/ Quentin/Marine,Démarchage en nature,,,,,,,,,,,,,
Vignobles Mallard,,contact@laurent-mallard.com,,"Contacté, sans réponse",,Marin/ Quentin/Marine,Démarchage en nature,,,,,,,,,,,,,
Château Clos Saint Emilion Philippe,,,,Non contacté,,Marin/ Quentin/Marine,Démarchage en nature,,,,,,,,,,,,,
Château Devillaire,,,,Non contacté,,Marin/ Quentin/Marine,Démarchage en nature,,,,,,,,,,,,,
Château la Grace Fonrazade,,persevero@lagracefonrazade.com,,"Contacté, sans réponse",,Marin/ Quentin/Marine,Démarchage en nature,,,,,,,,,,,,,
Château la Renomée Maine Reynaud,,,,Non contacté,,Marin/ Quentin/Marine,Démarchage en nature,,,,,,,,,,,,,
Château Lagarde Bellevue - Chevalier des Anges,https://lagarde-bellevue.com/contact-sovifa.html,,,"Contacté, sans réponse",,Marin/ Quentin/Marine,Démarchage en nature,,,,,,,,,,,,,
Château les Gravières,,denis.barraud@wanadoo.fr,,Non contacté,,Marin/ Quentin/Marine,Démarchage en nature,,,,,,,,,,,,,
Château Milon - Clos de la Cure,,,,Non contacté,,Marin/ Quentin/Marine,Démarchage en nature,,,,,,,,,,,,,
Château Moulin Bellegrave - Famille Mabileau,,,,Non contacté,,Marin/ Quentin/Marine,Démarchage en nature,,,,,,,,,,,,,
Château Tour Grand Faure,,,,Non contacté,,Marin/ Quentin/Marine,Démarchage en nature,,,,,,,,,,,,,
Clos des Abbesses,,clos.des.abbesses@gmail.com,,"Contacté, sans réponse",,Marin/ Quentin/Marine,Démarchage en nature,,,,,,,,,,,,,
Clos Trimoulet,,contact@clos-trimoulet.com,,"Contacté, sans réponse",,Marin/ Quentin/Marine,Démarchage en nature,,,,,,,,,,,,,
Vignobles Marcel Petit,,tcontact@vignobles-petit.com,,"Contacté, sans réponse",,Marin/ Quentin/Marine,Démarchage en nature,,,,,,,,,,,,,
Château de Come,,come@chateaudecome.com,,"Contacté, sans réponse",,Marin/ Quentin/Marine,Démarchage en nature,,,,,,,,,,,,,
Château Haut Coteau,,chateau.haut-coteau@wanadoo.fr,,Non contacté,,Marin/ Quentin/Marine,Démarchage en nature,,,,,,,,,,,,,
Château la Haye,https://www.chateaulahaye.fr/en/contact/,,,Non contacté,,Marin/ Quentin/Marine,Démarchage en nature,,,,,,,,,,,,,
Château la Rose Brana,,,,Non contacté,,Marin/ Quentin/Marine,Démarchage en nature,,,,,,,,,,,,,
Château la Bridane,,,,Non contacté,,Marin/ Quentin/Marine,Démarchage en nature,,,,,,,,,,,,,
Château de Teste,,,,Non contacté,,Marin/ Quentin/Marine,Démarchage en nature,,,,,,,,,,,,,
Bastide Des Deux Lunes,,,,Défi de Bacchus,,Marin/ Quentin/Marine,Démarchage en nature,Non contacté,,,,,,,,,,,,
1. Château BATAILLEY – Pauillac,,domaines@borie-manoux.fr,,Défi de Bacchus,,Marin/ Quentin/Marine,Démarchage en nature,Non contacté,,deja connu ? on contact pas par mail si ? ,,,,,,,,,,
2. Château HAUT-BATAILLEY – Pauillac,,hlefranc@jmcazes.com,,Défi de Bacchus,,Marin/ Quentin/Marine,Démarchage en nature,"Contacté, sans réponse",,,,,,,,,,,,
3. Château GRAND-PUY-LACOSTE – Pauillac,,dfxb@domainesfxborie.com,,Défi de Bacchus,,Marin/ Quentin/Marine,Démarchage en nature,"Contacté, sans réponse",,,,,,,,,,,,
4. Château GRAND-PUY DUCASSE – Pauillac,, contact@cagrandscrus.fr,,Défi de Bacchus,,Marin/ Quentin/Marine,Démarchage en nature,"Contacté, sans réponse",,,,,,,,,,,,
,,,,,,,Démarchage en nature,Non contacté,,,,,,,,,,,,
6. Château LYNCH-MOUSSAS – Pauillac,,documentation@borie-manoux.fr,,Défi de Bacchus,,Marin/ Quentin/Marine,Démarchage en nature,"Contacté, sans réponse",,,,,,,,,,,,
7. Château DAUZAC – Margaux,,contact@chateaudauzac.com,,Défi de Bacchus,,Marin/ Quentin/Marine,Démarchage en nature,"Contacté, sans réponse",,,,,,,,,,,,
8. Château d’ARMAILHAC – Pauillac,,webmaster@bpdr.com,,Défi de Bacchus,,Marin/ Quentin/Marine,Démarchage en nature,"Contacté, sans réponse",,,,,,,,,,,,
9. Château du TERTRE – Margaux,,reservations@chateaudutertre.fr,,Défi de Bacchus,,Marin/ Quentin/Marine,Démarchage en nature,"Contacté, sans réponse",,,,,,,,,,,,
10. Château HAUT-BAGES LIBÉRAL – Pauillac,,boutique@hautbagesliberal.com ; infos@ferriere.com,,Défi de Bacchus,,Marin/ Quentin/Marine,Démarchage en nature,"Contacté, sans réponse",,,,,,,,,,,,
,,,,,,,Démarchage en nature,Non contacté,,,,,,,,,,,,
12. Château BELGRAVE – Haut-Médoc,,accueil@arvitis.com ; à l'attention de Dourthe,,Défi de Bacchus,,Marin/ Quentin/Marine,Démarchage en nature,Non contacté,,,,,,,,,,,,
13. Château de CAMENSAC – Haut-Médoc,,,,Défi de Bacchus,,Marin/ Quentin/Marine,Démarchage en nature,Non contacté,,,,,,,,,,,,
14. Château COS LABORY – Saint-Estèphe,,contact@cos-labory.com,,Défi de Bacchus,,Marin/ Quentin/Marine,Démarchage en nature,"Contacté, sans réponse",,,,,,,,,,,,
15. Château CLERC MILON – Pauillac,,caroline artaud cartaud@bphr.com,,Défi de Bacchus,,Marin/ Quentin/Marine,Démarchage en nature,Non contacté,,,,,,,,,,,,
16. Château CROIZET-BAGES – Pauillac,,contact@domaines-quie.com,,Défi de Bacchus,,Marin/ Quentin/Marine,Démarchage en nature,"Contacté, sans réponse",,,,,,,,,,,,
,,,,,,,Démarchage en nature,Non contacté,,,,,,,,,,,,
"18. Château d’Yquem, Sauternes, AOC Sauternes",,contact@yquem.fr,,Défi de Bacchus,,Marin/ Quentin/Marine,Démarchage en nature,"Contacté, sans réponse",,,,,,,,,,,,
19. Château LA TOUR BLANCHE – Sauternes,,tour-blanche@tour-blanche.com,,Défi de Bacchus,,Marin/ Quentin/Marine,Démarchage en nature,"Contacté, sans réponse",,,,,,,,,,,,
20. Château LAFAURIE-PEYRAGUEY – Sauternes,,info@vignobles-silvio-denz.com,,Défi de Bacchus,,Marin/ Quentin/Marine,Démarchage en nature,"Contacté, sans réponse",,,,,,,,,,,,
21. Clos HAUT-PEYRAGUEY – Sauternes,,accueil@pape-clément.com,,Défi de Bacchus,,Marin/ Quentin/Marine,Démarchage en nature,"Contacté, sans réponse",,,,,,,,,,,,
22. Château de RAYNE VIGNEAU – Sauternes,,,,Défi de Bacchus,,Marin/ Quentin/Marine,Démarchage en nature,Non contacté,,,,,,,,,,,,
,,,,,,,Démarchage en nature,Non contacté,,,,,,,,,,,,
Bastide Des Terres Blanches,,,,Défi de Bacchus,,Marin/ Quentin/Marine,Démarchage en nature,Non contacté,,,,,,,,,,,,
Benoit Chapelle,,,,Défi de Bacchus,,Marin/ Quentin/Marine,Démarchage en nature,Non contacté,,,,,,,,,,,,
Berli,,,,Défi de Bacchus,,Marin/ Quentin/Marine,Démarchage en nature,Non contacté,,,,,,,,,,,,
Bois Des Demoiselles,,,,Défi de Bacchus,,Marin/ Quentin/Marine,Démarchage en nature,Non contacté,,,,,,,,,,,,
,,,,,,,Démarchage en nature,Non contacté,,,,,,,,,,,,
Castel Freres,,,,Défi de Bacchus,,Marin/ Quentin/Marine,Démarchage en nature,Non contacté,,,,,,,,,,,,
Castel Frères Béziers,,,,Défi de Bacchus,,Marin/ Quentin/Marine,Démarchage en nature,Non contacté,,,,,,,,,,,,
Castel Freres Blanquefort,,,,Défi de Bacchus,,Marin/ Quentin/Marine,Démarchage en nature,Non contacté,,,,,,,,,,,,
Castel Frères Saint Priest,,,,Défi de Bacchus,,Marin/ Quentin/Marine,Démarchage en nature,Non contacté,,,,,,,,,,,,
Castel Frères Thiais,,,,Défi de Bacchus,,Marin/ Quentin/Marine,Démarchage en nature,Non contacté,,,,,,,,,,,,
Chateau Suduiraut – Sauternes,,contact@suduiraut.com,,Défi de Bacchus,,Marin/ Quentin/Marine,Démarchage en nature,"Contacté, sans réponse",,,,,,,,,,,,
Chateau Coutet – Barsac,,info@chateaucoutet.com,,Défi de Bacchus,,Marin/ Quentin/Marine,Démarchage en nature,"Contacté, sans réponse",,Annelise: prends le relais contact direct ,,,,,,,,,,
Château Climens – Barsac,,contact@chateau-climens.fr,,Défi de Bacchus,,Marin/ Quentin/Marine,Démarchage en nature,"Contacté, sans réponse",,,,,,,,,,,,
Chateau Guiraud – Sauternes,,accueil@chateauguiraud.com,,Défi de Bacchus,,Marin/ Quentin/Marine,Démarchage en nature,"Contacté, sans réponse",,,,,,,,,,,,
Chateau Rieussec – Sauternes,,rieussec@lafite.com,,Défi de Bacchus,,Marin/ Quentin/Marine,Démarchage en nature,"Contacté, sans réponse",,,,,,,,,,,,
Chateau Rabaud-Promis – Sauternes,,contact@rabaud-promis.com,,Défi de Bacchus,,Marin/ Quentin/Marine,Démarchage en nature,"Contacté, sans réponse",,,,,,,,,,,,
Chateau Sigalas Rabaud – Sauternes,,chateausigalasrabaud@gmail.com,,Défi de Bacchus,,Marin/ Quentin/Marine,Démarchage en nature,"Contacté, sans réponse",,,,,,,,,,,,
Chateau de Myrat – Barsac,,myrat@chateaudemyrat.fr,,Défi de Bacchus,,Marin/ Quentin/Marine,Démarchage en nature,"Contacté, sans réponse",,,,,,,,,,,,
Chateau Doisy Daëne – Barsac,,contact@denisdubourdieu.fr,,Défi de Bacchus,,Marin/ Quentin/Marine,Démarchage en nature,"Contacté, sans réponse",,,,,,,,,,,,
Chateau Doisy-Dubroca – Barsac,,contact@denisdubourdieu.fr,,Défi de Bacchus,,Marin/ Quentin/Marine,Démarchage en nature,"Contacté, sans réponse",,,,,,,,,,,,
Chateau Doisy-Védrines – Barsac,,doisy-vedrines@orange.fr,,Défi de Bacchus,,Marin/ Quentin/Marine,Démarchage en nature,"Contacté, sans réponse",,,,,,,,,,,,
,,,,,,,Démarchage en nature,Non contacté,,,,,,,,,,,,
Chateau Filhot – Sauternes,,filhot@filhot.com,,Défi de Bacchus,,Marin/ Quentin/Marine,Démarchage en nature,"Contacté, sans réponse",,,,,,,,,,,,
Chateau Broustet – Barsac,,,,Défi de Bacchus,,Marin/ Quentin/Marine,Démarchage en nature,Non contacté,,,,,,,,,,,,
Chateau Nairac,,contact@chateaunairac.com,,Défi de Bacchus,,Marin/ Quentin/Marine,Démarchage en nature,"Contacté, sans réponse",,,,,,,,,,,,
Chateau Caillou,,contact@chateaucaillou.com,,Défi de Bacchus,,Marin/ Quentin/Marine,Démarchage en nature,"Contacté, sans réponse",,,,,,,,,,,,
Chateau Suau,,contact@chateausuau.com,,Défi de Bacchus,,Marin/ Quentin/Marine,Démarchage en nature,"Contacté, sans réponse",,,,,,,,,,,,
Chateau de Malle,,,,Défi de Bacchus,,Marin/ Quentin/Marine,Démarchage en nature,Non contacté,,,,,,,,,,,,
Chateau de Romer du Hayot,,,,Défi de Bacchus,,Marin/ Quentin/Marine,Démarchage en nature,Non contacté,,,,,,,,,,,,
Chateau Romer,,vins@janoueixfrancois.com,,Défi de Bacchus,,Marin/ Quentin/Marine,Démarchage en nature,"Contacté, sans réponse",,,,,,,,,,,,
,,,,,,,Démarchage en nature,,,,,,,,,,,,,
Chateau Lamothe-Guignard,,contact@chateau-lamothe-guignard.com; info@chateau-lamothe.com,,Défi de Bacchus,,Marin/ Quentin/Marine,Démarchage en nature,"Contacté, sans réponse",,,,,,,,,,,,
Chateau Langoa Barton,,chateau@barton-family-wines.com,,Défi de Bacchus,,Marin/ Quentin/Marine,Démarchage en nature,"Contacté, sans réponse",,,,,,,,,,,,
,,,,,,,Démarchage en nature,Non contacté,,,,,,,,,,,,
Chateau Malescot Saint-Exupéry,,malescotstexupery@exupery.com,,Défi de Bacchus,,Marin/ Quentin/Marine,Démarchage en nature,"Contacté, sans réponse",,,,,,,,,,,,
Chateau Boyd-Cantenac,,administration@boyd-cantenac.fr,,Défi de Bacchus,,Marin/ Quentin/Marine,Démarchage en nature,"Contacté, sans réponse",,,,,,,,,,,,
,,,,,,,,Non contacté,,,,,,,,,,,,
Chateau Palmer,,dantenolleau@chateau-palmer.com,,Défi de Bacchus,,Marin/ Quentin/Marine,Démarchage en nature,"Contacté, sans réponse",,,,,,,,,,,,
Chateau La Lagune,,contact@chateau-lalagune.com,,Défi de Bacchus,,Marin/ Quentin/Marine,Démarchage en nature,"Contacté, sans réponse",,,,,,,,,,,,
,,,,,,,,Non contacté,,,,,,,,,,,,
Chateau Calon Ségur,,calon-segur@calon-segur.com,,Défi de Bacchus,,Marin/ Quentin/Marine,Démarchage en nature,"Contacté, sans réponse",,,,,,,,,,,,
Chateau Ferrière,,boutique@ferriere.com,,Défi de Bacchus,,Marin/ Quentin/Marine,Démarchage en nature,"Contacté, sans réponse",,,,,,,,,,,,
Chateau Marquis d'Alesme Becker,,contact@marquis.wine,,Défi de Bacchus,,Marin/ Quentin/Marine,Démarchage en nature,"Contacté, sans réponse",,,,,,,,,,,,
Chateau Saint-Pierre,,contact@chateausaintpierre.fr,,Défi de Bacchus,,Marin/ Quentin/Marine,Démarchage en nature,"Contacté, sans réponse",,,,,,,,,,,,
Chateau Talbot,,talbot@chateau-talbot.com,,Défi de Bacchus,,Marin/ Quentin/Marine,Démarchage en nature,"Contacté, sans réponse",,,,,,,,,,,,
Chateau Branaire-Ducru,,branaire@branaire.com,,Défi de Bacchus,,Marin/ Quentin/Marine,Démarchage en nature,"Contacté, sans réponse",,,,,,,,,,,,
Chateau Duhart–Milon,,visites@lafitte.com,,Défi de Bacchus,,Marin/ Quentin/Marine,Démarchage en nature,"Contacté, sans réponse",,,,,,,,,,,,
,,,,,,,,Non contacté,,,,,,,,,,,,
Chateau La Tour Carnet,,visite@latour-carnet.com,,Défi de Bacchus,,Marin/ Quentin/Marine,Démarchage en nature,"Contacté, sans réponse",,,,,,,,,,,,
Chateau Lafon-Rochet,,lafont@lafont-rochet.com,,Défi de Bacchus,,Marin/ Quentin/Marine,Démarchage en nature,"Contacté, sans réponse",,,,,,,,,,,,
Chateau Beychevelle,,beychevelle@beychevelle.com,,Défi de Bacchus,,Marin/ Quentin/Marine,Démarchage en nature,"Contacté, sans réponse",,,,,,,,,,,,
Chateau Prieuré-Lichine,,l.latrille@prieuré-lichine.fr,,Défi de Bacchus,,Marin/ Quentin/Marine,Démarchage en nature,"Contacté, sans réponse",,,,,,,,,,,,
Chateau Marquis de Terme,,,,Défi de Bacchus,,Marin/ Quentin/Marine,Démarchage en nature,Non contacté,,,,,,,,,,,,
,,,,,,,,Non contacté,,,,,,,,,,,,
Chateau Pontet-Canet,,info@pontet-canet.com,,Défi de Bacchus,,Marin/ Quentin/Marine,Démarchage en nature,"Contacté, sans réponse",,,,,,,,,,,,
Chateau Fonplégade,,chateaufonplegade@fonplegade.fr,,Défi de Bacchus,,Marin/ Quentin/Marine,Démarchage en nature,"Contacté, sans réponse",,,,,,,,,,,,
MDCV Châteaux et Vignobles en Provence,,,,Défi de Bacchus,,Marin/ Quentin/Marine,Démarchage en nature,"Contacté, sans réponse",,,,,,,,,,,,
Château les Mesclances,,,,Défi de Bacchus,,Marin/ Quentin/Marine,Démarchage en nature,"Contacté, sans réponse",,,,,,,,,,,,
Face B,,contact@vins-face-b.fr,,Défi de Bacchus,,Marin/ Quentin/Marine,Démarchage en nature,"Contacté, sans réponse",,,,,,,,,,,,
Chateau Haut Bernasse,,chateau.hautbernasse@orange.fr,,Défi de Bacchus,,Marin/ Quentin/Marine,Démarchage en nature,"Contacté, sans réponse",,,,,,,,,,,,
Minuty,,,,Défi de Bacchus,,Marin/ Quentin/Marine,Démarchage en nature,"Contacté, sans réponse",,,,,,,,,,,,
MAISON BRUNO ANDREU,,,,Défi de Bacchus,,Marin/ Quentin/Marine,Démarchage en nature,"Contacté, sans réponse",,,,,,,,,,,,
Champagne KRUG,,mboury@krug.fr,,Défi de Bacchus,,Angelo,Démarchage en nature,"Contacté, sans réponse",,,,,,,,,,,,
Domaine Lorenzon (Mercurey),,contact@domainelorenzon.com,,Défi de Bacchus,,Angelo,Démarchage en nature,"Contacté, sans réponse",,,,,,,,,,,,
Luca Roagna,,,,Défi de Bacchus,,Clément ,Démarchage en nature,"Contacté, sans réponse",,,,,,,,,,,,
Angelo Gaja,,,,Défi de Bacchus,,Clément ,Démarchage en nature,"Contacté, sans réponse",,,,,,,,,,,,
Masseto,,,,Défi de Bacchus,,Clément ,Démarchage en nature,"Contacté, sans réponse",,,,,,,,,,,,
Bodega Vega Sicilia ,,,,Défi de Bacchus,,Clément ,Démarchage en nature,"Contacté, sans réponse",,,,,,,,,,,,
Antinori ,,,,Défi de Bacchus,,Clément ,Démarchage en nature,"Contacté, sans réponse",,,,,,,,,,,,
Giuseppe Rinaldi ,,,,Défi de Bacchus,,Clément ,Démarchage en nature,"Contacté, sans réponse",,,,,,,,,,,,
JJ Prüm,,,,Défi de Bacchus,,Clément ,Démarchage en nature,"Contacté, sans réponse",,,,,,,,,,,,
Marie Thérèse Chappaz ,,,,Défi de Bacchus,,Clément ,Démarchage en nature,"Contacté, sans réponse",,,,,,,,,,,,
Weingut Keller ,,,,Défi de Bacchus,,Clément ,Démarchage en nature,"Contacté, sans réponse",,,,,,,,,,,,
Chateau Coutet ,,,,,,Annelise,Démarchage en nature,,,,,,,,,,,,,
Des Tours,,,,,,Annelise,Démarchage en nature,,,,,,,,,,,,,
Billecart Salmon ,,,,,,Annelise,Démarchage en nature,,,,,,,,,,,,,
