Chateau / Entreprise,Website,Email,Confidence,Source,Notes
Domaine Eric Sage,https://payssaintgilles-tourisme.fr/degustation/domaine-eric-sage/,contact@domaine-auzance.fr,LOW,snippet,"From Google snippet, could be third party"
Domaine L'Orée du Sabia,https://www.loreedusabia.com/fr/,contact@loreedusabia.com,MEDIUM,constructed,"Constructed email, domain has MX records"
Vignobles Mercier,https://www.mercier-vins.com/cgv.php,contact@mercier-vins.com,HIGH,scraped_mailto,"Email domain matches website, found on official site"
Domaine Coirier,https://www.domainecoirier.fr/,contact@domainecoirier.fr,HIGH,scraped_mailto,"Email domain matches website, found on official site"
Domaine de la Barbinière,https://www.domainedelabarbiniere.com/,contact@domainedelabarbiniere.com,HIGH,scraped_mailto,"Email domain matches website, found on official site"
Domaine Georges Vernay,https://vin-condrieu.fr/nos-vigneron/domaine-georges-vernay/,contact@vin-condrieu.fr,HIGH,scraped_mailto,"Email domain matches website, found on official site"
Domaine Jean-Michel Gerin,https://domaine-gerin.fr/,info@domaine-gerin.fr,HIGH,scraped_mailto,"Email domain matches website, found on official site"
Domaine Guigal,http://www.guigal.com/fr/detail_actualite.php%3Fid%3D5,contact@guigal.com,HIGH,scraped_mailto,"Email domain matches website, found on official site"
Domaine Pierre Gaillard,https://www.famillepierregaillard.com/,famille@gaillard.vin,MEDIUM,scraped_mailto,"Found on official site, different domain"
Domaine Bernard Gripa,https://www.cavemartiniere.fr/boutique/produit/272-saint-joseph-le-berceau-domaine-bernard-gripa,contact@cavemartiniere.fr,MEDIUM,constructed,"Constructed email, domain has MX records"
Domaine Alain Graillot,https://www.rhonevignobles.fr/domaines_caves/domaine-alain-graillot/,contact@rhonevignobles.fr,HIGH,scraped_mailto,"Email domain matches website, found on official site"
Domaine Alain Voge,https://www.alain-voge.com/en/,contact@alain-voge.com,HIGH,scraped_mailto,"Email domain matches website, found on official site"
Domaine Auguste Clape,https://vcommevin.com/68-auguste-clape?srsltid=AfmBOoqWnPKlxVk_2wYX9xl0OYUFGAKNke15LbEHzU1cfaY6dmhINmgm,contact@vcommevin.com,HIGH,scraped_mailto,"Email domain matches website, found on official site"
Domaine Courbis,https://www.vins-courbis-rhone.com/,contact@domaine-courbis.fr,MEDIUM,scraped_mailto,"Found on official site, different domain"
Domaine François Villard,https://www.vistavin.fr/fr/132_villard-francois,contact@vistavin.fr,HIGH,scraped_mailto,"Email domain matches website, found on official site"
Domaine Delas Frères,https://www.vinsolite.fr/132-domaine-delas-freres,contact@vinsolite.fr,HIGH,scraped_mailto,"Email domain matches website, found on official site"
Domaine Chapoutier,https://www.chapoutier.com/fr/contact/,bpons@chapoutier.com,HIGH,scraped_mailto,"Email domain matches website, found on official site"
Domaine Paul Jaboulet Aîné,https://jaboulet.com/fr/,info@jaboulet.com,HIGH,scraped_mailto,"Email domain matches website, found on official site"
Domaine Jean-Louis Chave,https://jeanlouischave.com/,Not Found,NOT_FOUND,,
Domaine Ferraton Père & Fils,http://www.ferraton.fr/,contact@ferraton.fr,MEDIUM,constructed,"Constructed email, domain has MX records"
Domaine Gonon,https://www.mrwheelerwine.com/domaine-gonon/?srsltid=AfmBOooKvWF58Cy5Y0hf08rS1uSb2lEc87QaEKDiN4i58JdFqLGKFeLq,hello@mrwheelerwine.com,HIGH,scraped_mailto,"Email domain matches website, found on official site"
Domaine du Tunnel,https://www.domaine-du-tunnel.fr/,domaine-du-tunnel@wanadoo.fr,MEDIUM,scraped_mailto,Found on official site but uses generic email provider
Domaine Colombo,https://vinscolombo.fr/vins/,contact@vinscolombo.fr,HIGH,scraped_mailto,"Email domain matches website, found on official site"
Domaine du Coulet,https://domaineducoulet.com/,matthieu.barret@domaineducoulet.com,HIGH,scraped_mailto,"Email domain matches website, found on official site"
Domaine Coursodon,https://www.domaine-coursodon.com/en/,domaine@coursodon.fr,MEDIUM,scraped_mailto,"Found on official site, different domain"
Domaine Belle,http://www.domainebelle.com/,contact@domainebelle.com,HIGH,scraped_mailto,"Email domain matches website, found on official site"
Domaine Monier-Perréol,https://www.vinsnature.fr/domaine/67-domaine-monier-perreol?srsltid=AfmBOoqWwBXOcDvN5O2mmuoxwKtUdyuV_eFMB_tvFaosKhYyyJK0QcLW,contact@vinsnature.fr,HIGH,scraped_mailto,"Email domain matches website, found on official site"
Domaine Emmanuel Darnaud,https://www.cashvin.com/produit/domaine-emmanuel-darnaud-mise-en-bouche/?srsltid=AfmBOoqJrbxT_0DUOdrN3qvwESdu1_i2C6pSrS21pJuga8CnDPgaM2ml,web@cashvin.com,HIGH,scraped_mailto,"Email domain matches website, found on official site"
Domaine François Merlin,https://lescavesduvaletblanchet.com/en/rhone/1366-domaine-francois-merlin-saint-joseph.html,lacavedusenat@duvaletblanchet.com,MEDIUM,scraped_mailto,"Found on official site, different domain"
Domaine Vincent Paris,http://vin-paris.fr/index.php/liens,contact@vin-paris.fr,MEDIUM,constructed,"Constructed email, domain has MX records"
Domaine Faury,https://vins-lionel-faury.fr/vignoble/,contact@domaine-faury.fr,MEDIUM,scraped_mailto,"Found on official site, different domain"
Domaine Bernard Faurie,https://www.lapassionduvin.com/rhone/3771-domaine-bernard-faurie,contact@lapassionduvin.com,HIGH,scraped_mailto,"Email domain matches website, found on official site"
Domaine François-Xavier Nicolas,https://francoisxaviernicolas.com/,contact@nicolaspereetfils.fr,MEDIUM,scraped_mailto,"Found on official site, different domain"
Domaine Richard,https://www.domaine-herverichard.com/nos-vins,contact@domaine-herverichard.com,MEDIUM,constructed,"Constructed email, domain has MX records"
Domaine Laurent Combier,https://www.vistavin.fr/fr/42_combier-laurent,contact@vistavin.fr,HIGH,scraped_mailto,"Email domain matches website, found on official site"
Domaine François Dumas,https://cavedupicvert.fr/rhone/1128-la-vigne-de-jean-2023.html,contact@bicom-studio.com,MEDIUM,scraped_mailto,"Found on official site, different domain"
Domaine Pierre Gonon,https://millesimes.com/vallee_du_rhone/domaine_pierre_gonon?srsltid=AfmBOoqzEoVU2CyetM9gFSskczJW_aJHHqriRAQs54hvoUBvcakC3tll,david.touneji@millesimes.com,HIGH,scraped_mailto,"Email domain matches website, found on official site"
Domaine Gilles Robin,https://www.gillesrobin.com/notre-domaine/notre-histoire-vignoble-vallee-du-rhone/,domaine@gillesrobin.com,HIGH,scraped_mailto,"Email domain matches website, found on official site"
Domaine Duclaux,https://www.coterotie-duclaux.com/,contact@coterotie-duclaux.com,HIGH,scraped_mailto,"Email domain matches website, found on official site"
Domaine Leccia,https://domaineleccia.com/,lisandru@domaineleccia.com,HIGH,scraped_mailto,"Email domain matches website, found on official site"
Domaine Antoine Arena,https://www.wine.com/product/domaine-antoine-arena-vin-de-france-bianco-gentile-2021/1215080,contact@unvelopourlaplanete.fr,LOW,snippet,"From Google snippet, could be third party"
Clos Santini,https://www.domaine-franck-santini-vigneron.com/,domaine.francksantini@gmail.com,MEDIUM,scraped_mailto,Found on official site but uses generic email provider
Clos Teddi,https://closteddi.fr/,clos.teddi@orange.fr,MEDIUM,scraped_mailto,Found on official site but uses generic email provider
Domaine Gentile,https://www.domaine-gentile.com/,domaine.gentile@wanadoo.fr,MEDIUM,scraped_mailto,Found on official site but uses generic email provider
Domaine Orenga de Gaffory,https://www.orengadegaffory.com/,contact@orengadegaffory.com,HIGH,scraped_mailto,"Email domain matches website, found on official site"
Domaine Giudicelli,https://kermitlynch.com/grower/domaine-giudicelli,contact@kermitlynch.com,REJECTED,constructed,Blocked domain/prefix: contact@kermitlynch.com
Domaine Devichi,https://mlledevichi.com/vignoble/,contact@mlledevichi.com,HIGH,scraped_mailto,"Email domain matches website, found on official site"
Domaine Poli,https://www.ericpolivigneron.fr/,contact@ericpolivigneron.fr,HIGH,scraped_mailto,"Email domain matches website, found on official site"
Domaine Yves Leccia,https://www.yves-leccia.fr/vin-aoc-patrimonio/l-histoire,info@yves-leccia.com,MEDIUM,scraped_mailto,"Found on official site, different domain"
Domaine Lazzarini,https://domainelazzarini.com/,contact@domainelazzarini.com,HIGH,scraped_mailto,"Email domain matches website, found on official site"
Clos de Bernardi,https://www.demeter.fr/adherents/e-a-r-l-clos-de-bernardi/,contact@demeter.fr,HIGH,scraped_mailto,"Email domain matches website, found on official site"
Domaine Montemagni,https://domaine-montemagni.fr/,scea.montemagni@wanadoo.fr,MEDIUM,scraped_mailto,Found on official site but uses generic email provider
Clos Alivu,https://luvinu.fr/produit/clos-alivu-rouge-patrimonio-corse/,contact@luvinu.fr,HIGH,scraped_mailto,"Email domain matches website, found on official site"
Clos Venturi,https://grandcruselections.com/clos-venturi,info@grandcruselections.com,HIGH,scraped_mailto,"Email domain matches website, found on official site"
Clos Marfisi,https://luvinu.fr/produit/clos-marfisi-blanc/,contact@luvinu.fr,HIGH,scraped_mailto,"Email domain matches website, found on official site"
Domaine Comte Abbatucci,https://www.domaine-abbatucci.com/,contact@domaine-abbatucci.com,HIGH,scraped_mailto,"Email domain matches website, found on official site"
Clos Capitoro,https://www.clos-capitoro.com/,info@clos-capitoro.com,HIGH,scraped_mailto,"Email domain matches website, found on official site"
Domaine Peraldi,https://www.domaineperaldi.com/lesvins,info@domaineperaldi.com,HIGH,scraped_mailto,"Email domain matches website, found on official site"
Clos d’Alzeto,https://www.closdalzeto.com/,contact@closdalzeto.com,HIGH,scraped_mailto,"Email domain matches website, found on official site"
Domaine Vaccelli,https://www.vinsdeon.fr/acheter+des+vins+du+domaine+vaccelli+a+grenoble+en+isere+38+selection+exclusive+de+vins+corses+reputes+pour+leur+caractere+unique-z108,annaelle@vinsdeon.fr,HIGH,scraped_mailto,"Email domain matches website, found on official site"
Domaine Mosconi,https://www.vinsdecorse.com/fr/domainDetail/59,civ@vinsdecorse.com,HIGH,scraped_mailto,"Email domain matches website, found on official site"
Clos Ornasca,https://www.closornasca.com/,assistance@leseditionscorses.com,MEDIUM,scraped_mailto,"Found on official site, different domain"
Domaine A Peraccia,https://www.villagesdecorse.fr/activite/domaine-a-peraccia-vin-corse-bio-aop-plaine-de-peri-ajaccio-281.htm,contact@villagesdecorse.fr,MEDIUM,constructed,"Constructed email, domain has MX records"
Domaine Pietrella,https://www.domainedepietrella.fr/nous-contacter,contact@domainedepietrella.fr,HIGH,scraped_mailto,"Email domain matches website, found on official site"
Domaine Sant Armettu,https://www.santarmettu.com/en/wines,contact@santarmettu.com,HIGH,scraped_mailto,"Email domain matches website, found on official site"
Domaine Granajolo,https://www.granajolo.fr/,contact@granajolo.fr,MEDIUM,constructed,"Constructed email, domain has MX records"
Domaine Zuria,https://www.domainezuria.com/,accueil@domainezuria.com,HIGH,scraped_mailto,"Email domain matches website, found on official site"
Clos Canarelli,https://www.closcanarelli.com/,closcanarelli2a@orange.fr,MEDIUM,scraped_mailto,Found on official site but uses generic email provider
Domaine de Tanella,https://www.portovecchio-tourisme.corsica/savoir-faire/domaine-de-tanella/,contact@domaine-tanella.com,MEDIUM,scraped_mailto,"Found on official site, different domain"
Domaine de Torraccia,https://www.domaine-de-torraccia.com/,assistance@leseditionscorses.com,MEDIUM,scraped_mailto,"Found on official site, different domain"
Domaine de San Gavino,https://www.lhommeduvin.fr/hdv-domaines/domaine-san-gavino/?srsltid=AfmBOooKAIqoXUymR78NJGIvhTkE4ElyqJcMunFot4MB4vO0WG9ohsRf,julien@lhommeduvin.fr,HIGH,scraped_mailto,"Email domain matches website, found on official site"
Domaine Peretti della Rocca,https://www.deperettidellarocca.com/,contact@domainedeperettidellarocca.com,MEDIUM,scraped_mailto,"Found on official site, different domain"
Domaine Vecchio,https://www.domainevecchio.com/,vecchio@sfr.fr,MEDIUM,scraped_mailto,Found on official site but uses generic email provider
Clos Paoli,https://www.clos-paoli.com/fr/vins-corse/7-nos-vins,contact@clos-paoli.com,MEDIUM,constructed,"Constructed email, domain has MX records"
Domaine Saparale,https://www.saparale.com/,contact@saparale.com,HIGH,scraped_mailto,"Email domain matches website, found on official site"
Domaine San Micheli,https://www.domainesanmicheli.com/,contact@domainesanmicheli.com,HIGH,scraped_mailto,"Email domain matches website, found on official site"
Domaine Fiumicicoli,https://www.domaine-fiumicicoli.com/,contact@fiumicicoli.corsica,MEDIUM,scraped_mailto,"Found on official site, different domain"
Clos Fornelli,https://www.closfornelli.com/,contact@closfornelli.com,HIGH,scraped_mailto,"Email domain matches website, found on official site"
Domaine Pero Longo,https://www.pisteurdecrus.fr/brand/57-domaine-pero-longo,contact@pisteurdecrus.fr,MEDIUM,constructed,"Constructed email, domain has MX records"
Domaine Renucci,https://domaine-renucci.com/,contact@domaine-renucci.com,HIGH,scraped_mailto,"Email domain matches website, found on official site"
Clos Culombu,https://www.closculombu.fr/,contact.culombu@gmail.com,MEDIUM,scraped_mailto,Found on official site but uses generic email provider
Domaine Alzipratu,https://www.domaine-alzipratu.com/,info@artecom.fr,MEDIUM,scraped_mailto,"Found on official site, different domain"
Clos Landry,https://www.closlandry.com/,marcpaolini@gmail.com,MEDIUM,scraped_mailto,Found on official site but uses generic email provider
Domaine Maestracci,https://www.domaine-maestracci.com/nos-vins,contact@local.fr,MEDIUM,scraped_mailto,"Found on official site, different domain"
Domaine Castellu di Baricci,https://www.castelludibaricci.com/vins/reserve-perpetuelle-2015-2022/,info@castelludibaricci.com,HIGH,scraped_mailto,"Email domain matches website, found on official site"
Clos Poggiale,http://vitisud.com/,contact@vitisud.com,MEDIUM,constructed,"Constructed email, domain has MX records"
Domaine Clos Venturi,https://jadopteunvin.fr/vins/2626-clos-venturi-le-clos-rouge-2022.html,contact@jadopteunvin.fr,HIGH,scraped_mailto,"Email domain matches website, found on official site"
Clos Signadore,https://www.signadore.com/,contact@signadore.com,HIGH,scraped_mailto,"Email domain matches website, found on official site"
Domaine Uvalone,Not Found,Not Found,NOT_FOUND,,
Domaine de Pratavone,https://www.winalist.fr/hosts/2983/domaine-de-pratavone?srsltid=AfmBOoor3aaLUbLnYEyVHhaTchSzxMUzhisF22Ox_RrotXUknUgiv0-g,contact@winalist.fr,MEDIUM,constructed,"Constructed email, domain has MX records"
Domaine Fior di Lecci,https://www.fiordilecci.fr/,assistance@leseditionscorses.com,MEDIUM,scraped_mailto,"Found on official site, different domain"
Domaine Vico,https://domainevico.com/,contact@domainevico.com,HIGH,scraped_mailto,"Email domain matches website, found on official site"
Domaine de Mavella,Not Found,Not Found,NOT_FOUND,,
Domaine Terra di Catoni,https://www.terradicatoni.com/?srsltid=AfmBOoozckZeTLVu80wjtyPL-3GM5Cs9uZRycX6aIZYUM1IJxooP-r20,contact@terradicatoni.com,MEDIUM,constructed,"Constructed email, domain has MX records"
Domaine U Stiliccionu,https://grandcruselections.com/domaine-u-stiliccionu-new,info@grandcruselections.com,HIGH,scraped_mailto,"Email domain matches website, found on official site"
Domaine Pieretti,https://domainepieretti.fr/,contact@domainepieretti.fr,HIGH,snippet,Email domain matches website domain
Clos Nicrosi,https://www.palazzu-nicrosi.com/en/contact-1,contact@palazzu-nicrosi.com,HIGH,scraped_mailto,"Email domain matches website, found on official site"
Domaine Casabianca,https://a-casabianca.fr/,contact@a-casabianca.fr,HIGH,scraped_mailto,"Email domain matches website, found on official site"
Domaine Casanova,https://www.casanovaparis.fr/pages/contact?srsltid=AfmBOortkJUNPE1Zd9gwZNlrMH4GE8-s6qj8NPOm3td6H9BWAuJsI7uM,contact@casanovaparis.fr,MEDIUM,constructed,"Constructed email, domain has MX records"
Clos San Quilico,https://www.sanquilico.com/contact/,contact@sanquilico.com,HIGH,scraped_mailto,"Email domain matches website, found on official site"
Domaine de Musoleu,http://cavusvinifera.com/fr/190775-Domaine-de-Musoleu-Vin-de-Corse-ros%C3%A9,info@cavusvinifera.com,HIGH,scraped_mailto,"Email domain matches website, found on official site"
Domaine Boccheciampe,https://www.domaine-boccheciampe.fr/,domaine.boccheciampe@gmail.com,MEDIUM,scraped_mailto,Found on official site but uses generic email provider
Domaine Revelette,https://revelette.fr/,chateaurevelette@orange.fr,MEDIUM,scraped_mailto,Found on official site but uses generic email provider
Domaine Schoffit,https://aubrindepaille.fr/boutique/domaine-schoffit/?srsltid=AfmBOoozqVyUi8PpkWcA7B6L7LqSOvdEKoIkSCFcMqYSL3XbfT-0TgFl,contact@aubrindepaille.fr,HIGH,scraped_mailto,"Email domain matches website, found on official site"
Domaine Kamm & Fils,Not Found,Not Found,NOT_FOUND,,
Domaine Albert Seltz,https://www.albert-seltz.fr/,info@albert-seltz.fr,HIGH,scraped_mailto,"Email domain matches website, found on official site"
Domaine Emile Beyer,https://www.emile-beyer.fr/en/en/,info@emile-beyer.fr,HIGH,scraped_mailto,"Email domain matches website, found on official site"
Domaine Ginglinger-Fix,https://ginglinger-fix.fr/index.php/contact/,contact@ginglinger-fix.fr,MEDIUM,constructed,"Constructed email, domain has MX records"
Domaine Stoeffler,https://www.vins-stoeffler.com/actualites/,info@vins-stoeffler.com,HIGH,scraped_mailto,"Email domain matches website, found on official site"
Domaine Sylvie Spielmann,https://sylviespielmann.com/,contact@sylviespielmann.com,HIGH,snippet,Email domain matches website domain
Domaine Fernand Engel,https://www.fernand-engel.fr/,info@fernand-engel.fr,HIGH,scraped_mailto,"Email domain matches website, found on official site"
Domaine Charles Frey,https://charles-frey.fr/,contact@charles-frey.fr,HIGH,scraped_mailto,"Email domain matches website, found on official site"
Domaine Binner,https://www.alsace-binner.com/,a-la-tienne@alsace-binner.com,HIGH,scraped_mailto,"Email domain matches website, found on official site"
Domaine Hubert Metz,https://boutique.hubertmetz.com/,contact@hubertmetz.com,MEDIUM,constructed,"Constructed email, domain has MX records"
Domaine Léon Heitzmann,https://leon-heitzmann.fr/,contact@leon-heitzmann.fr,MEDIUM,constructed,"Constructed email, domain has MX records"
Domaine Gérard Neumeyer,https://www.gerardneumeyer.fr/,contact@gerardneumeyer.fr,HIGH,scraped_mailto,"Email domain matches website, found on official site"
Domaine Seppi Landmann,http://seppi-landmann.fr/nouveau/archivesgastro/vins3b.htm,contact@seppi-landmann.fr,HIGH,scraped_mailto,"Email domain matches website, found on official site"
Domaine Laurent Bannwarth,https://bannwarth.fr/,laurent@bannwarth.fr,HIGH,scraped_mailto,"Email domain matches website, found on official site"
Domaine Antoine Lienhardt,https://www.domaineantoinelienhardt.com/,antoinelienhardt.domaine@gmail.com,MEDIUM,scraped_mailto,Found on official site but uses generic email provider
Domaine Yves Amberg,https://www.vins-bio-amberg.fr/,amberg.yves@wanadoo.fr,MEDIUM,scraped_mailto,Found on official site but uses generic email provider
Domaine Schoenheitz,https://vins-schoenheitz.alsace/,cave@vins-schoenheitz.fr,MEDIUM,scraped_mailto,"Found on official site, different domain"
Domaine Lucien Albrecht,https://fr.lucien-albrecht.com/de/geschichte/,contact@lucien-albrecht.com,HIGH,scraped_mailto,"Email domain matches website, found on official site"
Domaine Fuchs et Fils,Not Found,Not Found,NOT_FOUND,,
Domaine Paul Ginglinger,https://www.paul-ginglinger.fr/?srsltid=AfmBOorXsUYWlUQ5vgG6wr8euqlzRAqQ8711W955i4fbPbTsHBFojI5J,info@paul-ginglinger.fr,HIGH,scraped_mailto,"Email domain matches website, found on official site"
Domaine Ernest Burn,https://www.domaine-burn.fr/,contact@domaine-burn.fr,HIGH,scraped_mailto,"Email domain matches website, found on official site"
Domaine Lucien Jacob,https://www.jcselectwines.com/wine/wine-product-3-9wkz2-ws35x-l2lpr-nnk78-nw5b4-5pe8x-h8xf9-khmjp-8je8r-6hggl-ht9x2-g9jan-7tk5r-j9hca-r9585-t32ey-krxnw-f2xhd,cheers@jcselectwines.com,HIGH,scraped_mailto,"Email domain matches website, found on official site"
Domaine J.P. Scharsch,Not Found,Not Found,NOT_FOUND,,
Domaine Müller-Koeberlé,https://www.muller-koeberle.fr/,contact@muller-koeberle.fr,MEDIUM,constructed,"Constructed email, domain has MX records"
Domaine Bruno Clair,https://www.brunoclair.com/,domaine@brunoclair.com,HIGH,scraped_mailto,"Email domain matches website, found on official site"
Domaine Joseph Roty,https://www.caves-carriere.fr/2160-roty-joseph?srsltid=AfmBOoqAdaOK2i4YmhZVVSVylmoJELE0OfoxWOCfC20x0n5tHjEuGXD7,boutique@caves-carriere.fr,HIGH,scraped_mailto,"Email domain matches website, found on official site"
Domaine Charles Audoin,https://8wines.fr/blog/profil-du-vignoble-domaine-charles-audoin,contact@8wines.fr,MEDIUM,constructed,"Constructed email, domain has MX records"
Domaine Sylvain Pataille,https://www.skurnik.com/producer/domaine-sylvain-pataille/,info@skurnikwines.com,MEDIUM,scraped_mailto,"Found on official site, different domain"
Domaine Collette,https://www.viniou.fr/vins/pays/france/91_bourgogne/domaines-et-chateaux/250302_collette,contact@viniou.fr,HIGH,scraped_mailto,"Email domain matches website, found on official site"
Domaine Huguenot,https://domainehuguenot.com/,contact@domainehuguenot.com,HIGH,scraped_mailto,"Email domain matches website, found on official site"
Domaine Jean Fournier,https://domaine-fournier.com/,contact@domaine-fournier.com,HIGH,scraped_mailto,"Email domain matches website, found on official site"
Domaine Coillot,"https://www.vins-bourgogne.fr/vignerons-savoir-faire/femmes-et-hommes-passionnes/coillot-bernard-pere-et-fils-marsannay-la-cote-21160,2397,9211.html?&args=Y29tcF9pZD0xNDA2JmFjdGlvbj12aWV3RmljaGUmaWQ9VklOQk9VMDAwMDIwMDI3MyZ8",contact@vins-bourgogne.fr,MEDIUM,constructed,"Constructed email, domain has MX records"
Domaine Régis Bouvier,https://www.rene-lamy.fr/bouvierregis/,contact@rene-lamy.fr,HIGH,scraped_mailto,"Email domain matches website, found on official site"
Domaine Joliet,https://domainejoliet.fr/,contact@domainejoliet.fr,HIGH,scraped_mailto,"Email domain matches website, found on official site"
Domaine Guy & Yvan Dufouleur,https://www.raincitywines.com/products/domaine-guy-yvan-dufouleur-nuits-saint-georges-aux-saint-julien-2020?srsltid=AfmBOoo0YprU1LCViS21An5uQQJziqydxhP1rdKtNPsmVHyCicsfVFCm,josh@raincitywines.com,HIGH,scraped_mailto,"Email domain matches website, found on official site"
Domaine du Clos Saint-Louis,https://www.lesbonsplansduvin.com/m/domaine-du-clos-saint-louis/,contact@lesbonsplansduvin.com,HIGH,scraped_mailto,"Email domain matches website, found on official site"
Domaine Philippe Naddef,https://www.domaine-naddef.com/en_US/,contact@vinium.com,MEDIUM,scraped_mailto,"Found on official site, different domain"
Domaine Pierre Naigeon,https://lerouge-auxlevres.fr/brand/168-domaine-pierre-naigeon,contact@lerouge-auxlevres.fr,HIGH,scraped_mailto,"Email domain matches website, found on official site"
Domaine Dugat-Py,http://www.dugat-py.fr/,contact@dugat-py.fr,HIGH,scraped_mailto,"Email domain matches website, found on official site"
Domaine Duroché,https://mobile.domaine-duroche.com/,contact@domaine-duroche.com,HIGH,scraped_mailto,"Email domain matches website, found on official site"
Domaine Claude Dugat,https://www.mwines.com/Producers/domaine-claude-dugat/,info@mwines.com,HIGH,scraped_mailto,"Email domain matches website, found on official site"
Domaine Jean-Marie Fourrier,https://www.bodeboca.fr/bodegas/jean-marie-fourrier?srsltid=AfmBOoqtVBp-QcCHQg0hVtOx-p2IbHfblTCdLPfqvVWpjhyHgPD3L5H2,contact@bodeboca.fr,MEDIUM,constructed,"Constructed email, domain has MX records"
Domaine Pierre Damoy,https://domaine-pierre-damoy.com/,contact@vins-divins-burgundy.com,LOW,snippet,"From Google snippet, could be third party"
Domaine Trapet Père et Fils,https://www.domaine-trapet.fr/fr/,message@trapet.fr,MEDIUM,scraped_mailto,"Found on official site, different domain"
Domaine Rossignol-Trapet,https://rossignol-trapet.com/nos-vins/,info@rossignol-trapet.com,HIGH,scraped_mailto,"Email domain matches website, found on official site"
Domaine Harmand-Geoffroy,"https://www.vins-bourgogne.fr/vignerons-savoir-faire/femmes-et-hommes-passionnes/harmand-geoffroy-gevrey-chambertin-21220,2397,9211.html?&args=Y29tcF9pZD0xNDA2JmFjdGlvbj12aWV3RmljaGUmaWQ9VklOQk9VMDAwMDIwMDYyOSZ8",contact@vins-bourgogne.fr,MEDIUM,constructed,"Constructed email, domain has MX records"
Domaine Marc Roy,https://www.skurnik.com/producer/domaine-marc-roy/,info@skurnikwines.com,MEDIUM,scraped_mailto,"Found on official site, different domain"
Domaine Denis Bachelet,https://www.bbr.com/producer-4959-domaine-denis-bachelet?srsltid=AfmBOoqnxoYtYeEFU7wrK9FPhFkHWn3caaHLO5jPTr0XVVFCvAjCoV6B,press@bbr.com,HIGH,scraped_mailto,"Email domain matches website, found on official site"
Domaine Humbert Frères,"https://www.vins-bourgogne.fr/vignerons-savoir-faire/femmes-et-hommes-passionnes/humbert-freres-gevrey-chambertin-21220,2397,9211.html?&args=Y29tcF9pZD0xNDA2JmFjdGlvbj12aWV3RmljaGUmaWQ9VklOQk9VMDAwMDIwMDY0MSZ8",contact@vins-bourgogne.fr,MEDIUM,constructed,"Constructed email, domain has MX records"
Domaine Sylvie Esmonin,https://www.caves-carriere.fr/3463-esmonin-sylvie?srsltid=AfmBOorGtW2IA4Q3e8Jb3ORQ-7FvJ51HT7OtS9ODTAOKZmWP88B0V1i9,boutique@caves-carriere.fr,HIGH,scraped_mailto,"Email domain matches website, found on official site"
Domaine Philippe Charlopin,https://www.vistavin.fr/fr/15_charlopin-philippe,contact@vistavin.fr,HIGH,scraped_mailto,"Email domain matches website, found on official site"
Domaine Henri Rebourseau,https://www.rebourseau.com/,domaine@rebourseau.com,HIGH,scraped_mailto,"Email domain matches website, found on official site"
Domaine René Leclerc,https://domainereneleclerc.com/,contact@domainereneleclerc.com,HIGH,scraped_mailto,"Email domain matches website, found on official site"
Domaine Christian Serafin,https://winesf.com/products/2006-domaine-christian-serafin-charmes-chambertin-grand-cru?srsltid=AfmBOoo6wiFhYn3BtS7zaTvXVGQ_4OjVMbunzaFl7h95qz0wJyai4CVN,info@winesf.com,HIGH,scraped_mailto,"Email domain matches website, found on official site"
Domaine Geantet-Pansiot,https://johnstonfinewines.com/en/collections/domaine-geantet-pansiot?srsltid=AfmBOoqQ-Vq_6JCMFSaz3FT8xr_-WrZDnARG7kYXeQy8HqspWO0mJTJy,joseph@johnstonfinewines.com,HIGH,scraped_mailto,"Email domain matches website, found on official site"
Domaine Dujac,https://www.dujac.com/,contact@dujac.com,HIGH,scraped_mailto,"Email domain matches website, found on official site"
Domaine des Lambrays,https://www.lambrays.com/,clos@lambrays.com,HIGH,scraped_mailto,"Email domain matches website, found on official site"
Domaine Hubert Lignier,https://hubert-lignier.com/en,contact@hubert-lignier.com,MEDIUM,constructed,"Constructed email, domain has MX records"
Domaine Michel Magnien,https://www.domaine-magnien.com/en/,contact@vinium.com,MEDIUM,scraped_mailto,"Found on official site, different domain"
Domaine Perrot-Minot,https://www.perrot-minot.com/un-domaine-fr/,Not Found,NOT_FOUND,,
Domaine Lignier-Michelot,https://domainevirgileligniermichelot.fr/,contact@domainevirgileligniermichelot.fr,MEDIUM,constructed,"Constructed email, domain has MX records"
Domaine Georges Lignier,https://www.lacaveduclosmaillard.fr/vins-rouges.fam-2/domaine-georges-lignier-et-fils.d-246/,info@lacaveduclosmaillard.fr,HIGH,scraped_mailto,"Email domain matches website, found on official site"
Domaine Taupenot-Merme,"https://www.vins-bourgogne.fr/vignerons-savoir-faire/femmes-et-hommes-passionnes/taupenot-merme-morey-saint-denis-21220,2397,9211.html?&args=Y29tcF9pZD0xNDA2JmFjdGlvbj12aWV3RmljaGUmaWQ9VklOQk9VMDAwMDIwMTA2NyZ8",contact@vins-bourgogne.fr,MEDIUM,constructed,"Constructed email, domain has MX records"
Domaine Stéphane Magnien,https://www.domainemagnien.com/,mail@domainemagnien.com,HIGH,scraped_mailto,"Email domain matches website, found on official site"
Domaine Pierre Amiot et Fils,https://amitiewines.com/shop/domaine-pierre-amiot-et-fils-2022-bourgogne-rouge/,jason.berry@amitiewines.com,HIGH,scraped_mailto,"Email domain matches website, found on official site"
Domaine des Monts Luisants,https://domainedesmontsluisants.fr/,contact@domainedesmontsluisants.fr,MEDIUM,constructed,"Constructed email, domain has MX records"
Domaine Charlopin-Parizot,http://www.domaine-charlopin-parizot.com/,contact@domaine-charlopin-parizot.com,HIGH,scraped_mailto,"Email domain matches website, found on official site"
Domaine Dujardin,https://www.domaine-dujardin.com/,contact@domaine-dujardin.com,HIGH,scraped_mailto,"Email domain matches website, found on official site"
Domaine Clos des Lambrays,https://www.lambrays.com/contact/,clos@lambrays.com,HIGH,scraped_mailto,"Email domain matches website, found on official site"
Domaine Comte Georges de Vogüé,https://www.corneyandbarrow.com/domaine-comte-georges-de-vogue?srsltid=AfmBOooaxd1-qEmrL3iGASMw32T1sq1ROEgw1JguYmHIsLaihnXTy7h3,contact@corneyandbarrow.com,MEDIUM,constructed,"Constructed email, domain has MX records"
Domaine Ghislaine Barthod,https://www.caves-carriere.fr/1626-barthod-ghislaine?srsltid=AfmBOoopq_poD8oyg44wv9gNXobbUBmWn4kQ0nuD2XYUZGSE0ui93oXB,boutique@caves-carriere.fr,HIGH,scraped_mailto,"Email domain matches website, found on official site"
Domaine Jacques-Frédéric Mugnier,https://mugnier.fr/,info@mugnier.fr,HIGH,scraped_mailto,"Email domain matches website, found on official site"
Domaine Amiot-Servelle,https://www.amiot-servelle.com/,domaine@amiot-servelle.com,HIGH,scraped_mailto,"Email domain matches website, found on official site"
Domaine Anne et Hervé Sigaut,https://dbwineselection.com/wine_producer/domaine-anne-et-herve-sigaut/,contact@dbwineselection.com,MEDIUM,constructed,"Constructed email, domain has MX records"
Domaine Hudelot-Noëllat,http://mobile.domaine-hudelot-noellat.com/,contact@domaine-hudelot-noellat.com,HIGH,scraped_mailto,"Email domain matches website, found on official site"
Domaine Georges Roumier,https://www.roumier.com/fr_FR/,contact@vinium.com,MEDIUM,scraped_mailto,"Found on official site, different domain"
Domaine Christophe Roumier,https://www.roumier.com/fr_FR/,contact@vinium.com,MEDIUM,scraped_mailto,"Found on official site, different domain"
Domaine Bertheau,https://www.domainedebertheauville.fr/fr/contact,contact@domainedebertheauville.fr,MEDIUM,constructed,"Constructed email, domain has MX records"
Domaine Christian Clerget,https://www.domaine-christianclerget.fr/fr/nos-vins/,domainechristianclerget@wanadoo.fr,MEDIUM,scraped_mailto,Found on official site but uses generic email provider
Domaine Digioia-Royer,https://domaine-digioia-royer.fr/,micheldigioia@wanadoo.fr,MEDIUM,scraped_mailto,Found on official site but uses generic email provider
Domaine Joseph Drouhin,https://www.drouhin.com/fr_FR/presentation/au-coeur-du-domaine,maisondrouhin@drouhin.com,HIGH,scraped_mailto,"Email domain matches website, found on official site"
Domaine Laurent Roumier,https://www.roumier.com/fr_FR/mentions-legales,contact@vinium.com,MEDIUM,scraped_mailto,"Found on official site, different domain"
Domaine Méo-Camuzet,https://www.meo-camuzet.com/fr/contacts,information@meo-camuzet.com,HIGH,scraped_mailto,"Email domain matches website, found on official site"
Domaine Mugneret-Gibourg,https://www.mugneret-gibourg.com/fr/vins,dgm@mugneret-gibourg.com,HIGH,scraped_mailto,"Email domain matches website, found on official site"
Domaine Robert Groffier,https://www.vistavin.fr/fr/74_groffier-robert,contact@vistavin.fr,HIGH,scraped_mailto,"Email domain matches website, found on official site"
Domaine d’Eugénie,https://ledomainedegenia.fr/contact,ledomainedegenia@gmail.com,MEDIUM,scraped_mailto,Found on official site but uses generic email provider
Domaine Château de la Tour,https://www.lechateaudelatour.fr/fr/contact/,contact@lechateaudelatour.fr,HIGH,scraped_mailto,"Email domain matches website, found on official site"
Domaine René Engel,https://www.caves-carriere.fr/1971-engel-rene?srsltid=AfmBOor0Evowaq52JWyGfWhctizgEQpZqKfsnF8kJkTwNivAjeOs3hHL,boutique@caves-carriere.fr,HIGH,scraped_mailto,"Email domain matches website, found on official site"
Domaine Anne Gros,https://www.anne-gros.com/,domaine-annegros@orange.fr,MEDIUM,scraped_mailto,Found on official site but uses generic email provider
Domaine Gros Frère et Sœur,https://www.gros-frere-et-soeur.com/fr_FR/,contact@g-f-s.fr,MEDIUM,scraped_mailto,"Found on official site, different domain"
Domaine Jean Grivot,https://www.caves-carriere.fr/1494-grivot-jean?srsltid=AfmBOopR7ugoMAjOuTch58XW6aoiblx0fjZUMivdZ4HVLji6SyBUcacG,boutique@caves-carriere.fr,HIGH,scraped_mailto,"Email domain matches website, found on official site"
Domaine Louis Jadot,https://shop.louisjadot.com/produit/bourgogne-couvent-des-jacobins-2023/,maisonlouisjadot@louisjadot.com,HIGH,scraped_mailto,"Email domain matches website, found on official site"
Domaine Mongeard-Mugneret,https://mongeard.com/fr/,contact@mongeard.com,HIGH,scraped_mailto,"Email domain matches website, found on official site"
Domaine Thibault Liger-Belair,https://m.thibaultligerbelair.com/28PSHZSBKB?l=fr,contact@thibaultligerbelair.com,HIGH,scraped_mailto,"Email domain matches website, found on official site"
Domaine Vougeraie,https://www.domainedelavougeraie.com/fr/contact.r-695/,vougeraie@domainedelavougeraie.com,HIGH,scraped_mailto,"Email domain matches website, found on official site"
Domaine de la Romanée-Conti,https://www.romanee-conti.fr/,contact@romanee-conti.fr,MEDIUM,constructed,"Constructed email, domain has MX records"
Domaine Emmanuel Rouget,https://dnswines.com/producers/domaine-emmanuel-rouget/,info@dnswines.com,HIGH,snippet,Email domain matches website domain
Domaine Georges Noëllat,https://www.caves-carriere.fr/1698-noellat-georges?srsltid=AfmBOoq68SIOV0Y4XlzClK61mRHguntBPohV7p1th5VnhAW0Kj-mh68X,boutique@caves-carriere.fr,HIGH,scraped_mailto,"Email domain matches website, found on official site"
Domaine Sylvain Cathiard,https://www.grauonline.fr/caves/domaine-sylvain-cathiard--fils.html,info@grauonline.com,MEDIUM,scraped_mailto,"Found on official site, different domain"
Domaine Michel Gros,https://chamberswines.com/The-International-Chambers-of-the-Paris-Courts-A-Flexible-and-Efficient-Approach-to-Resolve-International-Commercial-Disputes-04-05-2019/producer/domaine-michel-gros,Not Found,NOT_FOUND,,
Domaine François Lamarche,https://www.vistavin.fr/fr/87_lamarche-francois,contact@vistavin.fr,HIGH,scraped_mailto,"Email domain matches website, found on official site"
Domaine A.F. Gros,http://www.af-gros.com/,contact@af-gros.com,HIGH,scraped_mailto,"Email domain matches website, found on official site"
Domaine Robert Arnoux,https://www.robertarnoux.com/contact/13-0,contact@robertarnoux.com,MEDIUM,constructed,"Constructed email, domain has MX records"
Domaine Jean-Marc Millot,https://jean-marc-millot.com/,contact@jean-marc-millot.com,HIGH,scraped_mailto,"Email domain matches website, found on official site"
Domaine Henri Gouges,https://www.gouges.com/,contact@gouges.com,HIGH,scraped_mailto,"Email domain matches website, found on official site"
Domaine de l’Arlot,"https://www.vins-bourgogne.fr/nos-savoir-faire/femmes-et-hommes-passionnes/contactez-le-vigneron/domaine-de-l-arlot,2834,11202.html?&amp;args=Y29tcF9pZD0yMDQ4JmFjdGlvbj12aWV3Rm9ybUNvbnRhY3QmaWQ9JmlkPVZJTkJPVTAwMDAyMDAwMTl8",contact@vins-bourgogne.fr,MEDIUM,constructed,"Constructed email, domain has MX records"
Domaine Chevillon-Chezeaux,http://chevillon-chezeaux.com/,chevillon.chezeaux@orange.fr,MEDIUM,scraped_mailto,Found on official site but uses generic email provider
Domaine Robert Chevillon,https://www.domainerobertchevillon.fr/,detb@domainerobertchevillon.fr,HIGH,scraped_mailto,"Email domain matches website, found on official site"
Domaine de Montille,https://www.demontille.com/en_US/,contact@demontille.com,HIGH,scraped_mailto,"Email domain matches website, found on official site"
Domaine Patrice Rion,https://www.patricerion.com/,contact@patricerion.com,HIGH,scraped_mailto,"Email domain matches website, found on official site"
Domaine Jean-Jacques Confuron,https://www.caves-carriere.fr/1703-confuron-jean-jacques?srsltid=AfmBOoqJUyO_yac4tsiXFMq8xsq1xTwLXE1TJDU4eRnsJzOw_kdSq1sg,boutique@caves-carriere.fr,HIGH,scraped_mailto,"Email domain matches website, found on official site"
Domaine Chicotot,http://www.domaine-chicotot.com/,chicotot@aol.com,MEDIUM,scraped_mailto,Found on official site but uses generic email provider
Domaine Tollot-Beaut,"https://www.vins-bourgogne.fr/vignerons-savoir-faire/femmes-et-hommes-passionnes/tollot-beaut-et-fils-chorey-les-beaune-21200,2397,9211.html?&args=Y29tcF9pZD0xNDA2JmFjdGlvbj12aWV3RmljaGUmaWQ9VklOQk9VMDAwMDIwMTA4MyZ8",contact@vins-bourgogne.fr,MEDIUM,constructed,"Constructed email, domain has MX records"
Domaine Chantal Lescure,https://www.domainelescure.fr/,contact@domainelescure.fr,HIGH,snippet,Email domain matches website domain
Domaine de l'Hortus,https://www.domaine-hortus.fr/,contact@domaine-hortus.fr,HIGH,scraped_mailto,"Email domain matches website, found on official site"
Château de Lascaux,https://lascaux.fr/fr/,contact@lascaux.fr,HIGH,scraped_mailto,"Email domain matches website, found on official site"
Mas Bruguière,https://mas-bruguiere.com/,xavier.bruguiere@wanadoo.fr,MEDIUM,scraped_mailto,Found on official site but uses generic email provider
Château La Roque,https://www.chateau-laroque.fr/,contact@chateau-laroque.fr,HIGH,scraped_mailto,"Email domain matches website, found on official site"
Domaine Clavel,https://www.vins-clavel.fr/en/,info@vins-clavel.fr,HIGH,snippet,Email domain matches website domain
Domaine de Mortiès,https://morties.com/?srsltid=AfmBOoqKaFVglSE6g_Hl2DJMeQrR6n5G-Rhf9bAtHxFhXN5urc3Yx07L,contact@morties.com,HIGH,scraped_mailto,"Email domain matches website, found on official site"
Domaine de Cazeneuve,https://www.chateaudecazeneuve.com/fr/contact.html,contact@chateaudecazeneuve.com,MEDIUM,constructed,"Constructed email, domain has MX records"
Mas de la Séranne,https://mas-seranne.com/,contact@mas-seranne.com,MEDIUM,constructed,"Constructed email, domain has MX records"
Domaine Saint Daumary,https://espace-vin.com/domaine/domaine-saint-daumary/,info@espace-vin.com,HIGH,scraped_mailto,"Email domain matches website, found on official site"
Clos Marie,https://www.closmarie.com/contact,contact@closmarie.com,HIGH,scraped_mailto,"Email domain matches website, found on official site"
Domaine de l'Aiguelière,https://aigueliere.fr/,contact@aigueliere.com,MEDIUM,scraped_mailto,"Found on official site, different domain"
Château Puech-Haut,https://puech-haut.com/,contact@puech-haut.com,HIGH,scraped_mailto,"Email domain matches website, found on official site"
Domaine Haut-Lirou,https://www.grandpicsaintloup-tourisme.fr/producteurs/domaine-haut-lirou,contact@grandpicsaintloup-tourisme.fr,MEDIUM,constructed,"Constructed email, domain has MX records"
Mas Gourdou,https://masgourdou.com/,contact@masgourdou.com,HIGH,scraped_mailto,"Email domain matches website, found on official site"
Château de Montferrand,https://chateaudemontferrand.fr/,grandpicsaintloup@ccgpsl.fr,MEDIUM,scraped_mailto,"Found on official site, different domain"
Domaine Les Grandes Costes,https://www.grandes-costes.com/fr/,contact@grandes-costes.com,MEDIUM,constructed,"Constructed email, domain has MX records"
Domaine Foulaquier,https://boutique.masfoulaquier.fr/pages/mention-legales?srsltid=AfmBOoqmWRDQvb9JezGSRYKvnU3jPjfeKo3QyhgYtXgUGCvA-s2mc-zb,masfoulaquier@me.com,MEDIUM,scraped_mailto,"Found on official site, different domain"
Domaine Saint André de Figuière,https://www.vin-bio-ardoneo.com/291-domaine-saint-andre-de-figuiere,contact@ardoneo.com,MEDIUM,scraped_mailto,"Found on official site, different domain"
Mas d'Agalis,https://www.vinsnaturels.fr/003_viticulteurs/Languedoc-Mas-d-Agalis-Lionel-Morel-1092.html,contact@vinsnaturels.fr,MEDIUM,constructed,"Constructed email, domain has MX records"
Domaine des Conquêtes,https://www.domainedesconquetes.fr/content/6-domaine-viticole-aniane,contact@domainedesconquetes.fr,MEDIUM,constructed,"Constructed email, domain has MX records"
Mas des Chimères,https://masdeschimeres.com/,contact@masdeschimeres.com,HIGH,scraped_mailto,"Email domain matches website, found on official site"
Domaine de Saumarez,https://www.domainedesaumarez.com/en/welcome/,desaumarez@yahoo.fr,LOW,snippet,"From Google snippet, could be third party"
Domaine de l'Oustal Blanc,https://loustalblanc.com/,contact@loustalblanc.com,HIGH,scraped_mailto,"Email domain matches website, found on official site"
Domaine de Fons Sanatis,Not Found,Not Found,NOT_FOUND,,
Domaine du Mas de Rey,https://www.vignerons-independants.com/annuaire-des-vignerons-independants-de-france/domaine-du-mas-de-rey,info@vigneron-independant.com,MEDIUM,scraped_mailto,"Found on official site, different domain"
Domaine de Cassagnau,https://www.twil.fr/france/languedoc-roussillon/domaine-de-cassagnau.html?srsltid=AfmBOormMWCVeQMPnUaiGf-1gtlMLkBQA04h5r5l66LyWgGLj21F6OJG,contact@twil.fr,MEDIUM,constructed,"Constructed email, domain has MX records"
Domaine des Carabiniers,https://nibuniconnu.fr/le-domaine-des-carabiniers/,contact@nibuniconnu.fr,MEDIUM,constructed,"Constructed email, domain has MX records"
Mas d'Agamas,https://www.saintguilhem-valleeherault.fr/annuaire/domaine-mas-d-agamas,contact@saintguilhem-valleeherault.fr,MEDIUM,constructed,"Constructed email, domain has MX records"
Mas de la Plaine Haute,https://plaine-haute.com/vin-bio/les-vins-bio-du-mas-de-la-plaine-haute/,contact@plaine-haute.com,HIGH,scraped_mailto,"Email domain matches website, found on official site"
Château La Devèze,https://www.masdeladeveze.fr/mas-deveze-acces/,contact@masdeladeveze.fr,HIGH,scraped_mailto,"Email domain matches website, found on official site"
Domaine des Terres Dorées,https://www.terres-dorees.com/conditions-generales-de-vente,info@terres-dorees.com,HIGH,scraped_mailto,"Email domain matches website, found on official site"
Domaine Ruet,https://www.ruet-beaujolais.fr/,contact@ruet-beaujolais.fr,HIGH,scraped_mailto,"Email domain matches website, found on official site"
Château de Nervers,https://chateaudenervers.fr/fr/,contact@chateaudenervers.fr,HIGH,scraped_mailto,"Email domain matches website, found on official site"
Domaine Dubost,https://www.domainedubost.com/vins/,contact@domainedubost.com,HIGH,scraped_mailto,"Email domain matches website, found on official site"
Château de Pierreux,https://www.chateaudepierreux.com/fr/notre-gamme-de-vins.r-285/,contact@chateaudepierreux.com,HIGH,scraped_mailto,"Email domain matches website, found on official site"
Domaine des Combiers,https://www.domainedescombiers.fr/,savoyelaurent@gmail.com,MEDIUM,scraped_mailto,Found on official site but uses generic email provider
Domaine Gérard Brisson,http://www.gerard-brisson.com/,contact@gerard-brisson.com,MEDIUM,constructed,"Constructed email, domain has MX records"
Domaine de la Plaigne,https://www.domainedelaplaigne.com/en/,contact@domainedelaplaigne.com,HIGH,scraped_mailto,"Email domain matches website, found on official site"
Domaine de Bel-Air,https://domainedebelair.fr/,contact@domainedebelair.fr,MEDIUM,constructed,"Constructed email, domain has MX records"
Domaine Baron de l'Ecluse,https://barondelecluse.com/,baron.delecluse2@orange.fr,MEDIUM,scraped_mailto,Found on official site but uses generic email provider
Domaine Saint-Cyr,https://www.beaujolais-saintcyr.com/,email@beaujolais-saintcyr.com,HIGH,scraped_mailto,"Email domain matches website, found on official site"
Domaine Bulliat,https://www.bulliat-eric.fr/,eric.bulliat@wanadoo.fr,MEDIUM,scraped_mailto,Found on official site but uses generic email provider
Domaine de Colette,https://www.domainedecolette.com/,contact@domainedecolette.com,MEDIUM,constructed,"Constructed email, domain has MX records"
Domaine Nicolas Boudeau,https://www.nicolas-boudeau.com/domaine.php,contact@nicolas-boudeau.com,MEDIUM,constructed,"Constructed email, domain has MX records"
Domaine de la Voûte des Crozes,https://kermitlynch.com/files/DOMAINE%20DE%20LA%20VOUTE%20DES%20CROZES.pdf,contact@kermitlynch.com,REJECTED,constructed,Blocked domain/prefix: contact@kermitlynch.com
Domaine de Roche Guillon,http://www.maisonducrufleurie.fr/domainederocheguillon.html,roche-guillon.coperet@wanadoo.fr,MEDIUM,scraped_mailto,Found on official site but uses generic email provider
Domaine Cheysson,https://domainecheysson.com/,domainecheysson@orange.fr,MEDIUM,scraped_mailto,Found on official site but uses generic email provider
Château de la Terrière,https://www.loron.fr/domaine/chateau-de-la-terriere/,maisonjeanloron@loron.fr,HIGH,scraped_mailto,"Email domain matches website, found on official site"
Domaine les Roches Bleue,Not Found,contact@domainelesrochesbleues.com,LOW,snippet,"From Google snippet, could be third party"
Domaine des Frères Perroud,https://www.freres-perroud.com/,contact@freres-perroud.com,MEDIUM,constructed,"Constructed email, domain has MX records"
Domaine Paul Janin et Fils,https://www.cavissima.com/collections/beaujolais-domaine-paul-janin-et-fils,contact@cavissima.com,MEDIUM,constructed,"Constructed email, domain has MX records"
Domaine de La Poyebade,https://lentrepot-cissac-medoc.fr/product/domaine-de-la-poyebade-2023-brouilly-13/,sebastien.coularis@orange.fr,MEDIUM,scraped_mailto,Found on official site but uses generic email provider
Domaine Coperet,https://domainegillescoperet.com/,contact@domainegillescoperet.com,HIGH,scraped_mailto,"Email domain matches website, found on official site"
Domaine du Vissoux,https://pashandglou.com/products/pierre-marie-chermette-domaine-du-vissoux-les-griottes-nouveau-beaujolais-2024,delivery@pashandglou.com,HIGH,scraped_mailto,"Email domain matches website, found on official site"
Domaine de Briante,https://domainedebriante.fr/,contact@domainedebriante.fr,MEDIUM,constructed,"Constructed email, domain has MX records"
Domaine Crêt des Garanches,https://cretdesgaranches.fr/,contact@cretdesgaranches.fr,MEDIUM,constructed,"Constructed email, domain has MX records"
Domaine Jean-Marc Burgaud,https://jean-marc-burgaud.com/,contact@jean-marc-burgaud.com,HIGH,scraped_mailto,"Email domain matches website, found on official site"
Domaine de la Combe au Loup,https://www.luxeuil-vosges-sud.fr/sit/domaine-de-la-combe-au-loup,contact@luxeuil-vosges-sud.fr,MEDIUM,constructed,"Constructed email, domain has MX records"
Domaine des Pins,https://www.vins-domainedespins.fr/en,jdesonis@domainedespins.fr,MEDIUM,scraped_mailto,"Found on official site, different domain"
Domaine de la Grand'Cour,https://domainedelagrandcour.fr/,contact@familledutraive.fr,MEDIUM,scraped_mailto,"Found on official site, different domain"
Domaine Champier,https://www.lyon-entreprises.com/entreprise/domaine-champier-denis/presentation-odenas,contact@lyon-entreprises.com,HIGH,scraped_mailto,"Email domain matches website, found on official site"
Domaine La Bastide Blanche,https://www.labastideblanche-grimaud.com/contact,Not Found,NOT_FOUND,,
Château Pradeaux ,https://www.chateau-pradeaux.com/index.php/chateau-pradeaux-bandol-rose-2023/,secretariat@chateaupradeaux.com,MEDIUM,scraped_mailto,"Found on official site, different domain"
Domaine Ott,https://ott.at/fr/,bernhard@ott.at,HIGH,scraped_mailto,"Email domain matches website, found on official site"
Domaine Gros'Noré,https://www.gros-nore.com/index-en.htm,domaine@gros-nore.com,HIGH,snippet,Email domain matches website domain
Domaine de la Bégude,https://domainedelabegude.fr/,contact@domainedelabegude.fr,HIGH,scraped_mailto,"Email domain matches website, found on official site"
Domaine Ray-Jane,https://www.ray-jane.fr/,contact@ray-jane.fr,MEDIUM,constructed,"Constructed email, domain has MX records"
Domaine Bunan - Moulin des Costes,https://www.vignapart.com/fr/bandol/287-domaines-bunan-moulin-des-costes-blanc.html,contact@vignapart.com,HIGH,scraped_mailto,"Email domain matches website, found on official site"
Château Vannières,https://www.chateauvannieres.com/,info@vannieres.com,MEDIUM,scraped_mailto,"Found on official site, different domain"
Domaine de la Tour du Bon,https://boutique.tourdubon.com/,contact@tourdubon.com,MEDIUM,constructed,"Constructed email, domain has MX records"
Domaine Souviou,https://www.domainesouviou.com/boutique/,contact@souviou.com,MEDIUM,scraped_mailto,"Found on official site, different domain"
Château Sainte Anne,https://www.chateausainteanne.fr/,yves.patricia.chazal@orange.fr,MEDIUM,scraped_mailto,Found on official site but uses generic email provider
Domaine de Frégate,https://www.domainedefregate.com/,accueil@domainedefregate.com,HIGH,scraped_mailto,"Email domain matches website, found on official site"
Domaine La Suffrène,https://domaine-la-suffrene.com/accueil/,commercial@suffrene.fr,MEDIUM,scraped_mailto,"Found on official site, different domain"
Domaine Lafran-Veyrolles,https://www.lafran-veyrolles.com/,contact@lafran-veyrolles.com,HIGH,scraped_mailto,"Email domain matches website, found on official site"
Domaine Dupuy de Lôme,https://dupuydelome.com/,contact@dupuydelome.com,MEDIUM,constructed,"Constructed email, domain has MX records"
Domaine de la Garenne,https://www.domainedelagarenne.net/,contact@domainedelagarenne.net,MEDIUM,constructed,"Constructed email, domain has MX records"
Domaine de la Font des Pères,https://shop.lafontdesperes.com/fr/,contact@lafontdesperes.com,HIGH,scraped_mailto,"Email domain matches website, found on official site"
Domaine de Cagueloup,https://www.cagueloup.fr/,contact@cagueloup.fr,MEDIUM,constructed,"Constructed email, domain has MX records"
Domaine de l'Olivette,https://domainedelolivette.fr/contact/,lolivette@domainedelolivette.fr,HIGH,scraped_mailto,"Email domain matches website, found on official site"
Domaine Le Galantin,https://le-galantin.com/,contact@lesvinographes.com,MEDIUM,scraped_mailto,"Found on official site, different domain"
Château de la Noblesse,https://www.chateaudelanoblesse.com/,contact@bastideducastellas.com,MEDIUM,scraped_mailto,"Found on official site, different domain"
Domaine Saint Louis,https://chateausaintlouis.fr/vin-fronton/vin-rouge-bio-esprit-2018/,contact@chateausaintlouis.fr,MEDIUM,constructed,"Constructed email, domain has MX records"
Domaine des Baguiers,http://www.domainedesbaguiers.com/v2014/15-la-boutique,sales@yourcompany.com,MEDIUM,scraped_mailto,"Found on official site, different domain"
Domaine Maubernard,https://maubernard.com/,info@maubernard.com,HIGH,scraped_mailto,"Email domain matches website, found on official site"
Domaine de L'Estagnol,https://www.domainedelestagnol.com/,contact@domainedelestagnol.com,MEDIUM,constructed,"Constructed email, domain has MX records"
Domaine Les Luquettes,https://les-luquettes.com/,contact@les-luquettes.com,MEDIUM,constructed,"Constructed email, domain has MX records"
Domaine de la Vivonne,https://www.vivonne.fr/nous-contacter,contact@vivonne.fr,HIGH,scraped_mailto,"Email domain matches website, found on official site"
Domaine de la Baratonne,https://www.winalist.fr/hosts/3243/domaine-de-la-baratonne?srsltid=AfmBOoqJzJ6ws95F7gbdGJLpPgO6_2S-NntW_NwNy6szmVtShXClJ_rV,contact@winalist.fr,MEDIUM,constructed,"Constructed email, domain has MX records"
Domaine Sainte Marie des Crozes,https://saintemariedescrozes.com/,d.alias11@orange.fr,MEDIUM,scraped_mailto,Found on official site but uses generic email provider
Domaine de la Roche Buissière,http://www.larochebuissiere.fr/page_domaine.html,rochebuissiere@free.fr,MEDIUM,scraped_mailto,Found on official site but uses generic email provider
Domaine du Clos Naudin – Foreau,https://divineloire.fr/vigneron/clos-naudin-foreau/,contact@divineloire.fr,MEDIUM,constructed,"Constructed email, domain has MX records"
Domaine François et Julien Pinon,https://www.vinsdevouvray.com/domaine-francois-et-julien-pinon/,contact@vinsdevouvray.com,MEDIUM,constructed,"Constructed email, domain has MX records"
Domaine Vincent Carême,https://vincentcareme.fr/,Not Found,NOT_FOUND,,
Domaine Le Capitaine,http://www.domainelecapitaine.com/,contact@domainelecapitaine.com,HIGH,scraped_mailto,"Email domain matches website, found on official site"
Domaine Marc Brédif,https://www.winetourism.com/winery/domaine-marc-bredif/,contact@winetourism.com,MEDIUM,constructed,"Constructed email, domain has MX records"
Domaine du Viking,https://www.domaineduviking.fr/vente-vins-blancs-vouvray.php,contact@domaineduviking.fr,MEDIUM,constructed,"Constructed email, domain has MX records"
Domaine de la Rouletière,https://www.twil.fr/france/vallee-de-la-loire/domaine-de-la-rouletiere-jean-marc-gilet.html?srsltid=AfmBOople8OjCGaD9NY1TLKhZgxgOBnrO7ElTkH2aYRTQ1BZYtHeZ61-,contact@twil.fr,MEDIUM,constructed,"Constructed email, domain has MX records"
Domaine de la Croix des Vainqueurs,https://thewinefeed.com/products/domaine-de-la-croix-des-vainqueurs-le-bouchet-vouvray-sparkling?srsltid=AfmBOooVI9fMAe-u_-WvekhvBUF9Z4G183neQObSNro1K8sggO0n7JQ0,contact@thewinefeed.com,MEDIUM,constructed,"Constructed email, domain has MX records"
Domaine de la Grand Taille,https://divineloire.fr/vigneron/domaine-de-la-grand-taille/,contact@divineloire.fr,MEDIUM,constructed,"Constructed email, domain has MX records"
Domaine Allias,https://www.domaineallias.com/,domaine-allias@outlook.fr,MEDIUM,scraped_mailto,Found on official site but uses generic email provider
Domaine Christophe Gaudron,https://christophegaudron-vouvray.fr/fines-bulles/20-cuvee-prestige.html,contact@christophegaudron-vouvray.fr,MEDIUM,constructed,"Constructed email, domain has MX records"
Domaine des Bergeons,https://domainedesbergeons.fr/,contact@domainedesbergeons.fr,HIGH,scraped_mailto,"Email domain matches website, found on official site"
Domaine des Cormiers Roux,https://www.vouvraygaucher.fr/,contact@vouvraygaucher.com,MEDIUM,scraped_mailto,"Found on official site, different domain"
Domaine Freslier,http://www.domainefreslier.com/tarif/tarif-site-internet-2018.pdf,contact@domainefreslier.com,MEDIUM,constructed,"Constructed email, domain has MX records"
Domaine Maison Darragon,https://www.maisondarragon.com/,contact@maisondarragon.com,MEDIUM,constructed,"Constructed email, domain has MX records"
Domaine Maison Peltier,https://maisonpeltier.fr/le-domaine/,contact@maisonpeltier.fr,HIGH,scraped_mailto,"Email domain matches website, found on official site"
Domaine Morvan,https://www.domaine-morvan.com/domaine,morvan.vinsdevouvray@hotmail.com,MEDIUM,scraped_mailto,Found on official site but uses generic email provider
Domaine Pierre Champion,https://www.pierre-champion-vouvray.fr/,contact@pierre-champion-vouvray.fr,MEDIUM,constructed,"Constructed email, domain has MX records"
Domaine Vigneau-Chevreau,https://www.vigneau-chevreau.com/,contact@vigneau-chevreau.com,MEDIUM,constructed,"Constructed email, domain has MX records"
Domaine Yvon et Pascal Tabordet,https://www.vinello.fr/domaine-tabordet,contact@vinello.fr,MEDIUM,constructed,"Constructed email, domain has MX records"
Domaine de la Fontainerie,https://www.linarawines.com/wines/category/Domaine+de+La+Fontainerie,lindsey@linarawines.com,HIGH,scraped_mailto,"Email domain matches website, found on official site"
Domaine de la Poultière,http://www.cavusvinifera.com/fr/221931-Domaine-de-la-Poulti%C3%A8re-Sec-Authentique-Vouvray-blanc,info@cavusvinifera.com,HIGH,scraped_mailto,"Email domain matches website, found on official site"
Domaine de la Roche Moreau,https://www.larochemoreau.com/,davy.larochemoreau@wanadoo.fr,MEDIUM,scraped_mailto,Found on official site but uses generic email provider
Domaine de la Tuffière,https://www.vinsdeloire.fr/fr/domaine-tuffiere,contact@vinsdeloire.fr,HIGH,scraped_mailto,"Email domain matches website, found on official site"
Domaine de la Vallée Coquette,Not Found,Not Found,NOT_FOUND,,
Domaine de la Vinçonnière,https://www.vinsdeloire.fr/fr/domaine-vinconniere,contact@vinsdeloire.fr,HIGH,scraped_mailto,"Email domain matches website, found on official site"
Domaine de la Voûte,https://kermitlynch.com/files/DOMAINE%20DE%20LA%20VOUTE%20DES%20CROZES.pdf,contact@kermitlynch.com,REJECTED,constructed,Blocked domain/prefix: contact@kermitlynch.com
Domaine de l'Épinay,https://www.domainedelepinay.com/,menestreau-epinay@wanadoo.fr,LOW,snippet,"From Google snippet, could be third party"
Domaine de l'Hermitage,https://www.twil.fr/france/provence/domaine-de-l-hermitage.html?srsltid=AfmBOoo1j2n1MTVBMTdqq0eOwO2v-SAGOmGOvUGj0EQrqqs96rmehGpF,contact@twil.fr,MEDIUM,constructed,"Constructed email, domain has MX records"
Domaine Philippe Brisebarre,https://brisebarre.fr/,vignoble@brisebarre.fr,HIGH,scraped_mailto,"Email domain matches website, found on official site"
Domaine des Aubuisières,https://www.domaine-des-aubuisieres.com/,info@famillelebrumare.com,MEDIUM,scraped_mailto,"Found on official site, different domain"
Domaine du Margalleau,https://domaine-du-margalleau.fr/,contact@domaine-du-margalleau.fr,MEDIUM,constructed,"Constructed email, domain has MX records"
Domaine Pichot,https://domaine-pichot.com/,contact@domaine-pichot.com,HIGH,scraped_mailto,"Email domain matches website, found on official site"
Domaine de l'Aumônerie,https://www.manoirdelaumonerie.fr/,contact@manoirdelaumonerie.fr,HIGH,scraped_mailto,"Email domain matches website, found on official site"
Domaine de la Durandière,https://www.chateaudeladurandiere.fr/contact/,contact@chateaudeladurandiere.fr,MEDIUM,constructed,"Constructed email, domain has MX records"
Domaine de la Perruche,https://www.domainedelaperruche.fr/,tourisme@domainedelaperruche.fr,HIGH,snippet,Email domain matches website domain
Domaine du Petit Val,https://www.vinsdeloire.fr/fr/domaine-du-petit-val,contact@vinsdeloire.fr,HIGH,scraped_mailto,"Email domain matches website, found on official site"
Domaine de la Noblaie,https://lanoblaie.fr/,contact@lanoblaie.fr,HIGH,scraped_mailto,"Email domain matches website, found on official site"
Domaine Voarick,https://www.domaine-michel-voarick.com/,domaine@michelvoarick.fr,MEDIUM,scraped_mailto,"Found on official site, different domain"
Château des Matards-Domaine de la Margotterie,https://www.cc-estuaire.fr/annuaire/chateau-des-matards/,info@vignobles-terrigeol.com,MEDIUM,scraped_mailto,"Found on official site, different domain"
Château les Bertrands,https://www.chateaulesbertrands.com/fr/boutique-en-ligne/,contact@chateaulesbertrands.com,MEDIUM,constructed,"Constructed email, domain has MX records"
Château Mondésir Gazin,https://www.mondesir-gazin.com/,mondesirgazin@gmail.com,MEDIUM,scraped_mailto,Found on official site but uses generic email provider
Château Icla,https://chateau-icla.com/nos-vins-chateau-icla/,contact@chateau-icla.com,HIGH,scraped_mailto,"Email domain matches website, found on official site"
Château Vieux Mougnac,https://www.vieuxmougnac.com/,contact@vieuxmougnac.com,HIGH,scraped_mailto,"Email domain matches website, found on official site"
Château Brethous,https://brethous.com/,chateaubrethous@gmail.com,MEDIUM,scraped_mailto,Found on official site but uses generic email provider
Château des Cèdres,https://www.domainedescedres.com/contactez-le-domaine-des-cedres/,contact@domainedescedres.com,MEDIUM,constructed,"Constructed email, domain has MX records"
Château la Bertrande,https://chateaulabertrande.fr/,contact@chateaulabertrande.fr,MEDIUM,constructed,"Constructed email, domain has MX records"
Château Bellevue,https://chateaubellevue.fr/,contact@chateaubellevue.fr,HIGH,scraped_mailto,"Email domain matches website, found on official site"
Vignobles Michel Bergey,https://www.lab-alimentation-nouvelle-aquitaine.fr/fiche-entreprise/vignobles-michel-bergey/,contact@lab-alimentation-nouvelle-aquitaine.fr,HIGH,scraped_mailto,"Email domain matches website, found on official site"
Chateau Brulesécaille,http://www.brulesecaille.com/,contact@brulesecaille.com,MEDIUM,constructed,"Constructed email, domain has MX records"
Chateau Martinat,https://www.chateau-martinat.com/category/news/,contact@chateau-martinat.com,MEDIUM,constructed,"Constructed email, domain has MX records"
Château Lalande Labatut,https://www.lalande-labatut.com/,info@lalande-labatut.com,HIGH,scraped_mailto,"Email domain matches website, found on official site"
Château Tour de Calens - Château Saint-Ange,Not Found,Not Found,NOT_FOUND,,
Château Carbon d'Artigues et Château la Passonne,https://www.winepartners.fr/fr/partenaires/musyt-bonnot.php,contact@winepartners.fr,MEDIUM,constructed,"Constructed email, domain has MX records"
Château de la Gravelière,https://www.ecuriesdelagraveliere.fr/contact,contact@ecuriesdelagraveliere.fr,HIGH,scraped_mailto,"Email domain matches website, found on official site"
Château de Porte Pères,https://bordeaux.feret.com/fr/Z1Y3GY-chateau-de-porte-peres,contact@feret.com,MEDIUM,constructed,"Constructed email, domain has MX records"
Château Pont de Brion,https://chateaupontdebrion.com/,vignoblesmolinari@chateaupontdebrion.com,HIGH,scraped_mailto,"Email domain matches website, found on official site"
Château Sirio,https://www.chateausirio.fr/,contact@chateausirio.fr,HIGH,scraped_mailto,"Email domain matches website, found on official site"
Château Gûnes,https://www.chateau-gunes.fr/fr/appellation/haut-medoc_fr/?srsltid=AfmBOoo_ULBHcQYq4agCK-H68PqrpgqhcapbgNUIDDcWw1vrSKsMOVyh,contact@chateau-gunes.fr,MEDIUM,constructed,"Constructed email, domain has MX records"
Château Altimar - Château Haut Chatain,https://lalande-pomerol.com/project/chateau-haut-chatain/,secretariat@lalande-pomerol.com,HIGH,scraped_mailto,"Email domain matches website, found on official site"
Château Belles-Graves,https://www.belles-graves.com/,x.piton@belles-graves.com,HIGH,scraped_mailto,"Email domain matches website, found on official site"
Château Bourseau,https://lalande-pomerol.com/project/chateau-altimar-2/,secretariat@lalande-pomerol.com,HIGH,scraped_mailto,"Email domain matches website, found on official site"
Château Haut-Goujon,https://chateauhautgoujon.com/,contact@chateauhautgoujon.com,MEDIUM,constructed,"Constructed email, domain has MX records"
Domaine du Grand Ormeau,https://www.domainedugrandormeau.com/contact.html,domainegrandormeau@gmail.com,MEDIUM,scraped_mailto,Found on official site but uses generic email provider
Château du Cros,https://www.chateauducros.com/,info@chateauducros.com,HIGH,scraped_mailto,"Email domain matches website, found on official site"
Château Haut Breton Larigaudière,https://chateauhautbretonlarigaudiere.com/,contact@de-mour.com,MEDIUM,scraped_mailto,"Found on official site, different domain"
Château le Coteau,https://chateaulecoteau.com/,chateaulecoteau@orange.fr,MEDIUM,scraped_mailto,Found on official site but uses generic email provider
Château Haut Mousseau - Château Pontac Gadet,https://www.vignerons-independants.com/annuaire-des-vignerons-independants-de-france/chateau-haut-mousseau-chateau-pontac-gadet,contact@domaine-bellegarde.fr,LOW,snippet,"From Google snippet, could be third party"
Château l'Inclassable,https://linclassable.com/,contact@linclassable.com,HIGH,scraped_mailto,"Email domain matches website, found on official site"
Château la Gorce,https://www.chateaulagorce.com/,info@chateaulagorce.com,HIGH,scraped_mailto,"Email domain matches website, found on official site"
Château Noaillac,https://www.noaillac.com/,noaillac@noaillac.com,HIGH,scraped_mailto,"Email domain matches website, found on official site"
Château Dutruch Grand Poujeaux,https://grandcercle.fr/chateaux/chateau-dutruch-grand-poujeaux/,contact@grandcercle.fr,HIGH,scraped_mailto,"Email domain matches website, found on official site"
Domaine Jean-Christophe Coubris,https://www.domainejccoubris.com/,contact@domainejccoubris.fr,MEDIUM,scraped_mailto,"Found on official site, different domain"
Château la Fon du Berger,https://lafonduberger.com/,contact@marinejeanpierre.fr,MEDIUM,scraped_mailto,"Found on official site, different domain"
Château de France,https://chateau-de-france.com/,contact@chateau-de-france.com,HIGH,scraped_mailto,"Email domain matches website, found on official site"
Château Lafargue Familles Leymarie et Peyrout,https://www.vignerons-independants.com/annuaire-des-vignerons-independants-de-france/chateau-lafargue-familles-leymarie-et-peyrout,info@vigneron-independant.com,MEDIUM,scraped_mailto,"Found on official site, different domain"
Château les grands Sillons - Château Côtes de Bonde,https://www.vignerons-independants.com/annuaire-des-vignerons-independants-de-france/chateau-les-grands-sillons-chateau-cotes-de-bonde,info@vigneron-independant.com,MEDIUM,scraped_mailto,"Found on official site, different domain"
Vignobles Garzaro,https://www.vignoblesgarzaro.com/,contact@vignoblesgarzaro.com,HIGH,scraped_mailto,"Email domain matches website, found on official site"
Vignobles Mouty Daniel,https://www.vignerons-independants.com/annuaire-des-vignerons-independants-de-france/vignobles-mouty-daniel,info@vigneron-independant.com,MEDIUM,scraped_mailto,"Found on official site, different domain"
Château Clarisse,https://chateau-clarisse.com/wine-tourism/,contact@chateau-clarisse.com,HIGH,scraped_mailto,"Email domain matches website, found on official site"
Vignobles Poitou-Operie,https://www.pappers.fr/entreprise/scea-vignobles-poitou-operie-415026905,contact@pappers.fr,MEDIUM,constructed,"Constructed email, domain has MX records"
Vignobles Mallard,https://www.laurent-mallard.com/,contact@laurent-mallard.com,MEDIUM,constructed,"Constructed email, domain has MX records"
Château Clos Saint Emilion Philippe,https://vins-saint-emilion.com/chateau/chateau-clos-saint-emilion-philippe/,Not Found,NOT_FOUND,,
Château Devillaire,http://www.cavusvinifera.com/fr/133421-Chateau-Devillaire-Saint-Emilion-Grand-Cru-rouge,info@cavusvinifera.com,HIGH,scraped_mailto,"Email domain matches website, found on official site"
Château la Grace Fonrazade,https://lagracefonrazade.com/,persevero@lagracefonrazade.com,HIGH,scraped_mailto,"Email domain matches website, found on official site"
Château la Renomée Maine Reynaud,Not Found,Not Found,NOT_FOUND,,
Château Lagarde Bellevue - Chevalier des Anges,https://lagarde-bellevue.com/index.html,contact@lagarde-bellevue.com,MEDIUM,constructed,"Constructed email, domain has MX records"
Château les Gravières,https://vins-saint-emilion.com/chateau/chateau-les-gravieres/,denis.barraud@wanadoo.fr,MEDIUM,scraped_mailto,Found on official site but uses generic email provider
Château Milon - Clos de la Cure,https://routes-des-vins.com/vignoble/chateau-milon-clos-de-la-cure/,contact@routes-des-vins.com,MEDIUM,constructed,"Constructed email, domain has MX records"
Château Moulin Bellegrave - Famille Mabileau,Not Found,Not Found,NOT_FOUND,,
Château Tour Grand Faure,Not Found,Not Found,NOT_FOUND,,
Clos des Abbesses,http://clos-des-abbesses.com/,clement.fanara@clos-des-abbesses.com,HIGH,scraped_mailto,"Email domain matches website, found on official site"
Clos Trimoulet,https://www.clos-trimoulet.com/,contact@clos-trimoulet.com,MEDIUM,constructed,"Constructed email, domain has MX records"
Vignobles Marcel Petit,https://vignobles-petit.com/,contact@vignobles-petit.com,HIGH,scraped_mailto,"Email domain matches website, found on official site"
Château de Come,https://www.chateaudecome.com/,contact@chateaudecome.com,MEDIUM,constructed,"Constructed email, domain has MX records"
Château Haut Coteau,https://www.chateauhautcoteau.com/,contact@chateauhautcoteau.com,MEDIUM,constructed,"Constructed email, domain has MX records"
Château la Haye,https://www.chateaulahaye.fr/,contact@chateaulahaye.fr,MEDIUM,constructed,"Constructed email, domain has MX records"
Château la Rose Brana,https://saint-estephe.fr/fr/fiche-technique/la-rose-brana,contact@saint-estephe.fr,HIGH,scraped_mailto,"Email domain matches website, found on official site"
Château la Bridane,https://ancoravino.wine/products/2019-Chateau-La-Bridane-Saint-Julien-p783093937,contact@ancoravino.wine,MEDIUM,constructed,"Constructed email, domain has MX records"
Château de Teste,https://chateaudeteste.com/grands-vins-bordelais-chateau-de-teste,contact@lcomlucie.fr,MEDIUM,scraped_mailto,"Found on official site, different domain"
